Date,Close,Log_Return,Target_Bullish_6M,Target_Short_Alert_1M,Target_Short_Alert_3M,Saturn_Lon,Neptune_Lon,Saturn_Speed,Neptune_Speed,Saturn_Retro,Neptune_Retro,Saturn_Neptune_Angle,is_hard_aspect,aspect_intensity,is_applying,Mars_Lon,Mars_Speed,Mars_Retro,Mars_Decl,Mars_OOB,Mars_Volatility_Score,Global_Stability_Index,Havoc_Velocity,Havoc_Alert_Level,OOB_Count,True_Node_Lon,Venus_Uranus_Angle,Flash_Crash_Probability,is_hard_flash,is_uranus_stationary,Jupiter_Speed,Jupiter_Retro,Jupiter_Lon,Uranus_Speed,Uranus_Retro,Uranus_Lon,Pluto_Speed,Pluto_Retro,Pluto_Lon,retrograde_count
2007-09-01,5021.35009765625,,0,0,0,149.86426668406938,320.1332459237765,0.12628880402094472,-0.025486153135090134,0,1,170.2689792397071,0,0.26897923970710735,0,75.59959839619319,0.580158969470983,0,21.93856830807756,False,0.0,892.8045795388732,-0.5304208137674777,0,0,337.070919866591,0.0,0.0,0,0,0.07530420883266079,0,250.9068261520342,-0.03940136144044354,1,347.04013668176367,-0.003224827379511477,1,266.3115366337068,3
2007-10-01,5900.64990234375,0.1613636564839289,0,1,1,153.48817275819007,319.49602168731815,0.11254708404984898,-0.015692942466774818,0,1,166.00784892912807,0,0.0,0,91.12666560601377,0.4426076327757074,0,23.382124090125895,False,4.436667196993113,875.1518193779397,-0.6224920686655651,0,0,336.67456647722463,177.16471123039346,0.5,1,1,0.14721907498376122,0,254.30254056603687,-0.0360424343771452,1,345.8706013258787,0.012652811525716968,0,266.453017890796,2
2007-11-01,5762.75,-0.0236477064552529,0,0,1,156.52551957531517,319.24812859007886,0.08043982670964928,0.0003628673990913301,0,0,162.7226090147637,0,0.0,0,101.17440987399758,0.17851258422598246,0,23.96131860237136,True,1.5,856.0188970125364,-0.5931444814480074,0,0,334.85962974810593,172.729704162476,0.4,0,1,0.1972300474381803,0,259.7058092930676,-0.01858049901764004,1,344.9926487845721,0.026865538436501836,0,267.0758675049002,1
2007-12-01,6138.60009765625,0.0631819277097161,0,1,1,158.26427743351752,319.51337040799336,0.03327014334221556,0.01706961964456183,0,0,161.24909297447584,0,0.0,0,100.59461117107145,-0.22909471199143633,1,25.419377487577623,True,3.0,839.9535715764046,-0.46964271592764817,0,0,331.8093243291053,136.05497458479303,0.9,1,1,0.2232959409205206,0,266.0675869688987,0.0059809867750760986,0,344.79527978262513,0.03524689062461633,0,268.02434179054285,0
2008-01-01,5137.4501953125,-0.1780398336070693,0,0,0,158.41462533770076,320.2711771784013,-0.02362805087751599,0.030823108993686094,1,0,161.85655184070052,0,0.0,1,89.69842182229557,-0.359036909195515,1,26.947789700232423,True,10.273816366721679,836.1664002756418,0.09555967915093788,0,0,329.0569511443364,92.6300299209044,0.5,1,0,0.22869017342762368,0,273.1299846804526,0.031151278465299543,0,345.38252880158166,0.0363383946844625,0,269.1558805044612,1
2008-02-01,5223.5,0.0166107898631287,0,1,1,156.91708024083044,321.3532007080238,-0.0688722092837837,0.037637966141890924,1,0,164.43612046719335,0,0.0,1,84.0931152924628,0.019570235688052263,0,26.6627193258823,True,4.5698364693470985,841.7957697365523,0.25122092740571134,0,0,327.8539872443086,45.35905910511207,0.4,1,0,0.21211289665977667,0,280.0197881567891,0.0494321069817138,0,346.65599351161063,0.02938896980637061,0,270.19422911052783,1
2008-03-01,4734.5,-0.0982915508540078,0,0,1,154.67115676372927,322.4442855307258,-0.07979239976305565,0.03644134065593314,1,0,167.7731287669965,0,0.0,1,89.10364038918098,0.2974516643306322,0,26.253818854303084,True,8.327730291885736,850.2391373985334,0.31237578928187304,0,0,327.6413715679814,0.5395733549120791,0.5,1,0,0.17518278707221902,0,285.68580725944213,0.05699491311511238,0,348.2225911618751,0.01695010460046145,0,270.87615122960483,1
2008-04-01,5165.89990234375,0.0872031938044298,0,1,1,152.53453027296914,323.4544377277804,-0.05221687153659479,0.02760169294873917,1,0,170.91990745481124,0,0.9199074548112378,1,100.94154968442629,0.4476156912705503,0,25.263615357757836,True,0.0,859.4857222521537,0.26824700684403524,0,0,326.8360213892792,0.0,0.0,0,0,0.11069332047883267,0,290.1829492114199,0.05404474994647895,0,349.9718716977765,0.0004918816250038011,0,271.14891802651084,1
2008-05-01,4870.10009765625,-0.0589648274290568,0,1,1,151.68231348027737,324.0823028247224,-0.0028910668514474857,0.013590246179379315,1,0,172.399989344445,1,2.399989344445004,1,115.58916801593392,0.5210353679837672,0,22.84437639524696,False,0.0,865.7814641188545,0.1466490729085308,0,0,324.4978483412464,43.29988646225445,0.4,1,0,0.0252204516914752,0,292.26710188468485,0.041279091733095644,0,351.42373712030326,-0.01435252321489236,1,270.932994405321,2
2008-06-01,4040.550048828125,-0.1867336574113665,0,0,1,152.42751821366153,324.2453488950214,0.0497555818767251,-0.003137825163343889,0,1,171.81783068135985,0,1.817830681359851,0,132.47801030333153,0.5650245921344538,0,18.47029627168204,False,0.0,867.7890099852273,-0.014240029146321831,0,0,321.302646778898,87.78906941706163,1.0,1,1,-0.06961766624945662,1,291.5513326372656,0.020338000664737465,0,352.3947931958989,-0.0240945892658148,1,270.3181188846452,3
2008-07-01,4332.9501953125,0.0698678150126904,0,0,1,154.55789408199115,323.92528840356,0.09003958698154371,-0.017507575681622617,0,1,169.36739432156884,0,0.0,0,149.89205740215388,0.5947971546312611,0,12.572805001448446,False,0.0,864.9219476670754,-0.16911126442653313,0,0,319.1376250377587,135.80675207904218,0.9,1,1,-0.12571907253784775,1,288.4699880620479,-0.0035534455989513825,1,352.6482890570002,-0.02532829337583005,1,269.5547095450314,4
2008-08-01,4360.0,0.0062234089428282,0,1,1,157.79602949166545,323.22511830811976,0.11624876587767592,-0.02628158528323849,0,1,165.4290888164543,0,0.0,0,168.73969237154148,0.6210985748912979,0,5.199541298206129,False,0.0,857.4799406707771,-0.2995743058309017,0,0,318.5245747827658,178.53532684766432,0.5,1,0,-0.10552229751567804,1,284.670015929079,-0.026036952212507722,1,352.1738680227532,-0.017920935001322504,1,268.86298650381895,4
2008-09-01,3921.199951171875,-0.1060743404078513,0,1,1,161.59312695329558,322.3925920850363,0.12600018087265474,-0.02582408111896073,0,1,160.79946513174073,0,0.0,0,188.38925617792393,0.6469978395731841,0,-2.875196609292224,False,0.8053719110380371,846.8440026920467,-0.37290170535413836,0,0,318.47773791149234,134.72749406623214,0.4,1,0,-0.02147614210303121,1,282.6052018392788,-0.03895086528214739,1,351.13390399548626,-0.004032404092846923,1,268.5113677812036,4
2008-10-01,2885.60009765625,-0.3066648325032849,1,1,1,165.31296085109122,321.7403055030102,0.11928387388546878,-0.016413326308350386,0,1,156.42734465191896,0,0.0,0,208.1856150910663,0.67323286305535,0,-10.654713633742388,False,0.0,835.5100307533104,-0.3700537352384572,0,0,317.27326514438823,0.0,0.0,0,0,0.07235220359466754,0,283.38858553651124,-0.03722737575196836,1,349.9548670188328,0.01174279180336385,0,268.6271962940965,2
2008-11-01,2755.10009765625,-0.0462791094173914,1,0,0,168.67545209943313,321.4683726161979,0.0946066016070193,-0.00044266721028433936,0,1,152.79292051676475,0,0.0,0,229.48629430049155,0.7013633101057579,0,-17.723523646537867,False,0.0,825.1798207475551,-0.2861815339192617,0,0,314.1379319236208,88.74098969932953,1.0,1,1,0.15108129407492762,0,286.9157109491651,-0.02091906074530855,1,349.02098706639055,0.026130666169720162,0,269.2239972093777,2
2008-12-01,2959.14990234375,0.0714482569009891,1,1,0,170.93746715641973,321.7093363373018,0.053583819209413214,0.016375579713614478,0,0,150.77186918088208,0,0.0,0,250.9289925286748,0.7281939807436453,0,-22.499348575377585,False,0.0,814.3420311432942,-0.24330472994836327,0,0,310.98960246176495,45.883542698326096,0.9,1,1,0.2021912181774627,0,292.2740096659073,0.0032955749229145884,0,348.74486909672515,0.034793301937687315,0,270.1531246462656,0
2009-01-01,2874.800048828125,-0.0289189083363768,1,1,0,171.766414553384,322.44750365282454,-0.0013824919789015677,0.030343863008928638,1,0,150.68108909944053,0,0.0,1,273.89680826031514,0.7530578211350623,0,-24.086217925327666,True,12.077393804763645,812.2853877800737,0.10347480017162525,0,0,309.4658589711118,0.49599260496177067,0.5,1,0,0.23039378025747295,0,299.03870791502965,0.02881650224579571,0,349.251171059294,0.0361823142461885,0,271.27432277460764,1
2009-02-01,2763.64990234375,-0.0394308891208383,1,0,0,170.87998187789063,323.51961401839077,-0.05355705707739411,0.0374747146876809,1,0,152.63963214050014,0,0.0,1,297.55540296784227,0.7720764879872549,0,-21.575852403968447,False,5.0,820.7496201405368,0.4177432672925079,0,0,309.26333282610545,0.0,0.0,0,0,0.2360508556928633,0,306.32435967138434,0.0479569218730983,0,350.4644164616544,0.029561880267060338,0,272.3136731156499,1
2009-03-01,3020.949951171875,0.0890191008172207,1,0,0,168.96186233095415,324.5754712046141,-0.07857199914465925,0.036790137403359416,1,0,155.61360887365993,0,0.0,1,319.32775783116364,0.781712144695581,0,-16.068538237294238,False,0.0,829.1439053920221,0.30696802055706485,0,0,308.84695889635543,0.0,0.0,0,0,0.22271927694561525,0,312.78822541839975,0.05644566457255752,0,351.94734542466955,0.017916384494955216,0,272.98900160231835,1
2009-04-01,3473.949951171875,0.1397209257354493,1,0,0,166.58834981159166,325.60677126499905,-0.06778320333769265,0.028577700484700652,1,0,159.0184214534074,0,0.0,1,343.5906873373869,0.7816890943287478,0,-7.533481981421456,False,0.0,838.8498684169563,0.30038442210457106,0,0,306.9226817654866,0.0,0.0,0,0,0.18674385222253792,0,319.1950284131773,0.05507272251891168,0,353.704259954381,0.001759047873582662,0,273.2977471993102,1
2009-05-01,4448.9501953125,0.2473758961521429,1,1,0,165.11995202920104,326.2693577450319,-0.02657480580558445,0.014917165356240839,1,0,161.14940571583088,0,0.0,1,6.899278665722829,0.770303082949972,0,1.7050899873913115,False,1.5503606671385857,846.4754238881604,0.19887611969659247,0,0,304.064142788544,0.0,0.0,0,0,0.12849128270634194,0,323.9849704804158,0.04360528006244982,0,355.2067109799413,-0.01320653560177133,1,273.11840475169197,2
2009-06-01,4291.10009765625,-0.0361250240942988,1,0,0,165.1173666104279,326.4747387472282,0.026520664624009656,-0.0018249656839077943,0,1,161.35737213680028,0,0.0,0,30.45793512813801,0.7476555306824355,0,10.740489925612495,False,0.0,850.6608276036097,0.13340110749595624,0,0,301.57225111995035,43.51554445285393,0.9,1,1,0.04354725187671746,0,326.71349065982946,0.023532961425326702,0,356.2656137995989,-0.02350288877365646,1,272.53132404719565,2
2009-07-01,4636.4501953125,0.0774058962421834,1,0,0,166.62130628906797,326.19150048329556,0.07195797770057058,-0.01652115047250692,0,1,159.57019419422758,0,0.0,0,52.45181234263177,0.7168647273412606,0,17.732938524838865,False,0.0,849.6477500942387,-0.19046170708611498,0,0,300.3948433836094,89.58072090579492,0.5,1,1,-0.051186176752266076,1,326.5990568948367,-0.0001446471734941857,1,356.62218965053523,-0.025449022264273237,1,271.7760652091845,4
2009-08-01,4662.10009765625,0.0055169820229173,1,0,0,169.4068696755556,325.51395682236944,0.10520729275220123,-0.02587029837542849,0,1,156.10708714681383,0,0.0,0,74.07620736815355,0.6763270952179607,0,22.208092751568373,False,0.0,842.5665449068647,-0.2694267668057364,0,0,300.22760509016587,0.0,0.0,0,0,-0.12239991886289132,1,323.7643888381601,-0.023299613565791005,1,356.2464838466093,-0.018676955582364083,1,271.0702985399908,4
2009-09-01,5083.9501953125,0.0866225455687446,1,1,0,172.97660040030374,324.68079183709375,0.1223598851269716,-0.026196088178656308,0,1,151.70419143679,0,0.0,0,94.27490492643088,0.6239288850067168,0,23.570943198196975,True,4.2938213051768415,832.5666755730365,-0.36161529324340336,0,0,299.78823683630765,135.40068670234572,0.4,1,0,-0.11603191545002134,1,319.83223812990246,-0.037949114214888335,1,355.26530071380336,-0.005247262560428634,1,270.68615436407515,4
2009-10-01,4711.7001953125,-0.0760397383780455,1,0,0,176.69809381200955,324.0052644262836,0.12298010141589558,-0.017489066612432286,0,1,147.30717061427404,0,0.0,0,111.99566945268955,0.5522621185920451,0,22.406823964789346,False,0.0,816.0242217919287,-0.70208906790117,0,0,297.75335339394576,179.25824143516252,0.5,1,0,-0.038494311622475824,1,317.39243544945003,-0.03840737823341083,1,354.0823148431859,0.010350978904933814,0,270.76159559267194,3
2009-11-01,5032.7001953125,0.065907839687403,1,0,1,180.2989035465212,323.6937391725897,0.10617369013617917,-0.0018798292537845936,0,1,143.3948356260685,0,0.0,0,127.42702870334818,0.4317488593144426,0,19.88959331238596,False,0.0,795.8828823470274,-0.5769862347711978,0,0,294.29331326438626,135.9755442929579,0.9,1,1,0.06331993239141334,0,317.7853811009957,-0.023889839750688743,1,353.08179474944205,0.024910604734237892,0,271.31808040491774,2
2009-12-01,5201.0498046875,0.0329038324981637,1,1,0,183.02124724624798,323.89313393762785,0.07244133735168062,0.015065758988940057,0,0,140.87188669137987,0,0.0,0,137.50453869845978,0.21792193964640647,0,17.969874907292755,False,1.0,782.082195244283,-0.3338128170920527,0,0,291.7845502193303,90.71867383724009,1.0,1,1,0.1456782723105829,0,320.9820331685039,-0.00030535510207545393,1,352.7044809717258,0.034067884687753965,0,272.218503766442,1
2010-01-01,4882.0498046875,-0.0632953171117761,1,0,0,184.51781576649557,324.5967368957754,0.02209838308493907,0.029493942769599504,0,0,140.07892112927982,0,0.0,1,138.7386837440928,-0.16116370586872042,1,18.79650909104306,False,2.0,780.6065124478071,0.34135264947326505,0,0,291.08177647894564,45.262074889612904,0.4,1,0,0.2029871629190675,0,326.4601251991479,0.02564044201857172,0,353.10279362000574,0.03611206725049292,0,273.3268246822647,0
2010-02-01,4922.2998046875,0.0082106876490242,1,0,0,184.33455411008055,325.6507290580798,-0.03316381847660253,0.037176473121587054,1,0,141.31617494799923,0,0.0,1,128.72922484564222,-0.3960530177373792,1,22.44536087966994,False,2.0,797.4348280191864,0.7179168897171166,0,0,290.9887382717332,0.7991119195096417,0.5,1,0,0.2336076026269127,0,333.2929559179804,0.04585069567227509,0,354.23305938391854,0.03005800629646695,0,274.37255245606315,1
2010-03-01,5249.10009765625,0.0642807906756082,1,0,0,182.84145783734564,326.70747740259026,-0.06973874375979805,0.03707792561063276,1,0,143.8660195652446,0,0.0,1,120.83150634948153,-0.11773687164946989,1,23.827599202127068,True,3.0,821.1808160668998,0.9443230583128752,0,0,289.8945564502485,0.3907939457598104,0.5,1,0,0.2415444056622957,0,339.9888361845647,0.05566200500715273,0,355.67663604351185,0.018854566260617007,0,275.0687845634473,1
2010-04-01,5278.0,0.0054905861402059,1,1,0,180.46988919470067,327.75825008496,-0.07639935482643653,0.029459644379737387,1,0,147.28836089025936,0,0.0,1,122.91839088479622,0.2252986890311879,0,22.3149387888133,False,1.0,851.76299608811,0.9858141549107131,0,0,286.84921075407345,44.08461746938224,0.4,1,0,0.2307381037189055,0,347.3635932447059,0.05583757640462884,0,357.4348280143873,0.00296071962557128,0,275.4119728400242,1
2010-05-01,5086.2998046875,-0.0369966257702436,1,0,0,178.54330952350693,328.45450072045935,-0.047099280651825004,0.016241567260418078,1,0,149.91119119695242,0,0.0,1,132.70644069030095,0.4072617769009765,0,18.963649489246176,False,0.0,878.1083415866053,0.6137116878123834,0,0,283.79286812171586,89.62787762164902,0.5,1,0,0.20054599250037117,0,353.8836503749819,0.045789271484610275,0,358.98241764929475,-0.012044689911989434,1,275.26858770746713,2
2010-06-01,5312.5,0.0435119219396464,1,0,0,177.83514506026196,328.70225691334696,0.002946278798277383,-0.0003955145362277667,0,1,150.867111853085,0,0.0,0,147.03902352635941,0.5074871754018473,0,13.812844372160905,False,0.0,890.8308858928938,0.09962694302339514,1,0,282.215947262892,135.81566364199577,0.9,1,1,0.14648619405499294,0,359.3263519900908,0.02677218745945596,0,0.12550990893497307,-0.022798964600089157,1,274.71006696248816,2
2010-07-01,5367.60009765625,0.0103183651877829,1,0,0,178.67308513360916,328.4568044744845,0.05172948689479594,-0.015435146410439023,0,1,149.78371934087534,0,0.0,0,163.220254179559,0.5670066035377617,0,7.41995577570588,False,0.0,897.3210660144366,0.1929141916655226,1,0,281.9421574436294,139.2368827590864,0.4,0,1,0.06947497971647008,0,2.62515962910304,0.0033844985495022294,0,0.5844433533294111,-0.025488004832384344,1,273.96462662188475,2
2010-08-01,5402.39990234375,0.00646238176372,0,0,0,180.92736710515953,327.8034408172927,0.09126510526333366,-0.025474532646105132,0,1,146.87607371213318,0,0.0,0,181.53254516243288,0.6123731098558745,0,-0.19424659455995033,False,4.233727418783559,898.8119225415612,-0.23802487377145098,1,0,281.595223224534,179.82289410495994,0.5,1,0,-0.029434047767160028,1,3.269363635441933,-0.020439261890273577,1,0.3106187381137826,-0.019469262312813266,1,273.24665399761557,4
2010-09-01,6029.9501953125,0.1098954700191153,0,0,0,184.176549352131,326.9712606230349,0.11563468066043853,-0.026563626616100313,0,1,142.7947112709039,0,0.0,0,201.13388615821418,0.6513363794313145,0,-8.185991676317471,False,0.0,880.1409913667032,-0.9744253737039799,1,0,280.006838917787,136.8420403886018,0.4,1,0,-0.11427506605557732,1,0.9298477443805526,-0.036718146124535576,1,359.39527855463956,-0.006465496778802669,1,272.83137965578703,4
2010-10-01,6017.7001953125,-0.0020335922481923,0,1,1,187.80209493456735,326.2739218429135,0.12343797569834888,-0.01850379751095188,0,1,138.47182690834617,0,0.0,0,221.20842888199172,0.6865349843676147,0,-15.449477729366764,False,0.0,850.0607419418516,-0.9266711762144269,0,0,277.21258861130764,135.84192792529868,0.4,1,0,-0.12846291542531724,1,357.0677967758825,-0.039300363313951064,1,358.2170818617663,0.009027913485205673,0,272.8673996593547,3
2010-11-01,5862.7001953125,-0.0260948773294507,0,0,1,191.53287520724643,325.9235186022851,0.11426510510141152,-0.003299813111005595,0,1,134.3906433950387,0,0.0,1,243.03002996547482,0.7208116970566144,0,-21.326712207636977,False,0.0,823.7321047740713,-0.7329217982728551,0,0,274.3897970807972,148.6329369429008,0.4,0,1,-0.05819927063073092,1,354.0015647277025,-0.02671539392986022,1,357.15708456311046,0.023733159241798935,0,273.3839310523948,3
2010-12-01,6134.5,0.0453182936055901,0,1,1,194.60769502095923,326.08091974738835,0.08785070170207716,0.013676654378731008,0,0,131.47322472642912,0,0.0,1,265.1092925341479,0.7503454899664841,0,-24.162757102882072,True,3.8319694006109444,807.3341706311757,-0.35383810374673885,0,0,272.94303427153466,136.72629332715096,0.9,1,1,0.04359668538768555,0,353.7752646985782,-0.003974876404938037,1,356.6811305048973,0.033288059401355076,0,274.2550503508665,1
2011-01-01,5505.89990234375,-0.1081083484353569,0,1,0,196.6823362698307,326.74864928221075,0.043491345833348294,0.028571988442884826,0,0,130.06631301238005,0,0.0,1,288.75887614699184,0.7741641099982204,0,-23.108050279954515,False,5.0,803.6888901784112,0.10648901598892735,0,0,272.7702792747102,92.20066358498553,0.5,1,0,0.13530084776915668,0,356.61887648220454,0.022324506181819716,0,356.96966349323424,0.03596967444592144,0,275.34908583980604,0
2011-02-01,5333.25,-0.0318594183641436,0,0,0,197.19165535838644,327.7831497735133,-0.011173431708099466,0.03692162945941049,1,0,130.59149441512685,0,0.0,0,312.9945653324398,0.7877861816902866,0,-17.945426882448725,False,0.0,821.8683784778632,0.8526280203436727,0,0,272.30195162414054,91.11916369685053,0.5,1,0,0.19729632923814572,0,1.8521921545153208,0.04368978835048328,0,358.01272638109054,0.030566507683401953,0,276.39961073441674,1
2011-03-01,5833.75,0.0896992098322882,0,0,1,196.2291729193098,328.8393494977192,-0.055246447136934114,0.037414419781332184,1,0,132.61017657840938,0,0.0,0,335.0976740326205,0.7895950361801132,0,-10.626797632383965,False,0.0,851.1485450735804,1.2019809611952041,1,0,270.30248543408146,46.5730014883967,0.4,1,0,0.2289644972706085,0,7.867977495638629,0.05480832317244025,0,359.41183573131804,0.01980958880288563,0,277.1151723471855,1
2011-04-01,5749.5,-0.0145471237753058,0,1,1,194.07468265298266,329.9083129204243,-0.07774066062011657,0.030311797588078178,1,0,135.83363026744163,0,0.0,1,359.4524530048404,0.7800004456385597,0,-1.0744776039359099,False,4.7262265024201895,889.6370631550556,0.7431913870966582,0,0,266.7855995202876,0.6986045734939743,0.5,1,0,0.241815833203416,0,15.219120939852873,0.0564556243950976,0,1.1655573452520855,0.004102116526497346,0,277.4914640545944,1
2011-05-01,5473.10009765625,-0.0492676931540648,0,0,1,191.88083203110574,330.63704207573187,-0.06285128065148424,0.017461922572061295,1,0,138.75621004462613,0,0.0,1,22.584418757995962,0.7610347151936135,0,8.119898245501837,False,0.0,911.8145681878389,0.7152069962428413,0,0,264.2191375461388,44.97932707467864,0.4,1,0,0.23524320370918206,0,22.418572416913225,0.04775425907047647,0,2.752754098793646,-0.010993010168428921,1,277.3832103906818,2
2011-06-01,5647.39990234375,0.0313500436085064,0,1,1,190.55813446104142,330.92647858692465,-0.019472785902359176,0.0009806664016631472,1,0,140.36834412588323,0,0.0,1,45.77618817045146,0.7346167358376403,0,16.159033580735453,False,0.0,931.8492276251309,0.5649139954712155,0,0,263.4144588048886,46.16570398512157,0.4,1,1,0.2093826056764182,0,29.360638520494398,0.02985758568328019,0,3.975461946448699,-0.022116653913384347,1,276.8533521933362,2
2011-07-01,5482.0,-0.0297252470804298,0,1,1,190.72388003367456,330.71933310264916,0.030387988014893116,-0.01429084687721515,0,1,139.9954530689746,0,0.0,0,67.3757244129356,0.7052345981677454,0,21.458307371318725,False,0.0,945.3989247642078,0.3351839395245406,0,0,263.4626048820606,89.5042552803703,1.0,1,1,0.16343756024464628,0,35.007418502847685,0.006929150748941441,0,4.535101605298602,-0.025421009484760504,1,276.1191776923679,2
2011-08-01,5001.0,-0.0918321054438274,1,0,1,192.3880293530162,330.0917750041042,0.07509356522783546,-0.024999180762580554,0,1,137.70374565108798,0,0.0,0,88.73124849294618,0.6723563864368645,0,23.73019065099222,True,6.548436369709634,951.1939277393842,0.04081913358925249,0,0,262.5085753287577,120.40894355590787,0.4,1,1,0.09026016935914864,0,39.010688452471925,-0.017439681939261414,1,4.3655834507212,-0.020136861841885605,1,275.39127868048485,3
2011-09-01,4943.25,-0.0116148828179647,1,0,1,195.23556952672521,329.2624505811004,0.10609827534320711,-0.02691641213994812,0,1,134.02688105437517,0,0.0,1,109.02395765609738,0.6360624059046055,0,22.78536835584108,False,0.0,947.3764462438667,-0.2766495912103437,0,0,259.8550605360817,178.76699892069124,0.5,1,0,-0.007076290222966848,1,40.34792892624844,-0.03529285806792884,1,3.5226567567205604,-0.0076510659782031715,1,274.9467930343105,4
2011-10-01,5326.60009765625,0.074690144662033,0,1,1,198.6771155299775,328.54477262479054,0.12081278479850856,-0.019497892865810048,0,1,129.86765709481304,0,0.0,1,127.4944583138776,0.5933559549391855,0,19.48595654416281,False,0.0,934.8505430143006,-0.5325900549878497,0,0,256.80535705031656,135.08072725479806,0.4,1,0,-0.09939966233153186,1,38.688996977261425,-0.039937879260653245,1,2.357840554292573,0.007715958800291037,0,274.9444504944262,3
2011-11-01,4832.0498046875,-0.0974423864399545,1,1,0,202.43895880508296,328.15636161109285,0.1189878437380934,-0.004626616796957119,0,1,125.71740280600989,0,0.0,1,144.9899301430137,0.5306255824885382,0,14.717706338914708,False,0.0,916.4136709474176,-0.6129013757749817,0,0,254.8565626476898,92.00680047696369,1.0,1,1,-0.13516037478248613,1,34.82106781612215,-0.029250099822195372,1,1.2461183498815633,0.022611423915026973,0,275.421391887212,3
2011-12-01,4624.2998046875,-0.0439458019187378,1,0,0,205.764814555666,328.27174295164997,0.09980706719613647,0.01234862944980418,0,0,122.50692839598398,0,0.0,1,159.5495727956877,0.4302153489453776,0,10.022294615263789,False,0.0,900.061351988851,-0.4464249566710805,1,0,254.30728674390403,84.50479112589466,0.4,0,1,-0.08115122812487295,1,31.383211635224598,-0.007492573798401533,1,0.6751210529613823,0.032526338400499934,0,276.2628421380945,2
2012-01-01,5199.25,0.1171894184937508,1,0,0,208.32061064905176,328.90256592922987,0.06213560863851998,0.027559060051735647,0,0,120.58195528017811,0,0.0,1,170.23323663636796,0.2374487415252009,0,6.585030504229577,False,1.1166183181839813,891.2619125353526,-0.11786744019718753,1,0,253.9702906132475,46.416747190567776,0.9,1,1,0.0228980745237586,0,30.439979686323944,0.01889559781961494,0,0.852918862688046,0.035702819967189194,0,277.3413316322839,0
2012-02-01,5385.2001953125,0.0351401019754325,0,0,1,209.4751555016022,329.915686653923,0.010742503323026897,0.03653389974920619,0,0,120.4405311523208,0,0.0,0,172.63322010517618,-0.10939813203086421,1,6.450729819548743,False,3.3166100525880893,893.2693209469544,0.2315750686047977,0,0,252.43433973691975,2.947556145453518,0.5,1,0,0.1188208572756074,0,32.700270479379164,0.04128734875617562,0,1.8042178261998905,0.030937576975211326,0,278.39467233049965,0
2012-03-01,5295.5498046875,-0.0167876780376583,1,0,1,209.05591355549524,331.007314301862,-0.03851449922711897,0.03755227770454444,1,0,121.95140074636674,0,0.0,0,164.58028055801137,-0.3927183327734843,1,9.942695744574989,False,2.0,904.2483455726906,0.5038938911541209,0,0,249.48601583918833,43.78672844655365,0.4,1,0,0.18163448655370365,0,37.121131139441026,0.05398270663339775,0,3.2073752942298226,0.020210113973059936,0,279.1484200918304,1
2012-04-01,5248.14990234375,-0.0089911934110206,1,1,1,207.25606585488313,332.08627358417175,-0.07267427840545776,0.030820514134921553,1,0,124.83020772928862,0,0.0,0,154.69890763252664,-0.1624626099397934,1,12.849246352000533,False,2.0,923.1584928954428,0.6888874741061954,0,0,246.65290316211198,0.0,0.0,0,0,0.22064052069317092,0,43.42304207339915,0.05680276149584939,0,4.953352052887151,0.004744718765043898,0,279.54108182368185,1
2012-05-01,4924.25,-0.0637036361789797,1,0,0,204.9963347395833,332.8339874524199,-0.07190122513185332,0.01818519382528274,1,0,127.83765271283659,0,0.0,0,155.4012449077502,0.1895501087690394,0,11.444775596364574,False,1.0,944.8821919276505,0.735255591819282,0,0,245.28768928148412,0.0,0.0,0,0,0.23606101552287154,0,50.32282826942079,0.049128679090296265,0,6.567103375937769,-0.010346855979148506,1,279.45250094194995,2
2012-06-01,5278.89990234375,0.0695457454174103,1,0,0,203.22524130480346,333.1483339831672,-0.037927226675925775,0.001779085143399879,1,0,129.92309267836376,0,0.0,0,164.9412633717253,0.40412136850201347,0,6.936366928489975,False,0.0,966.6480357590317,0.6515809511030284,0,0,245.07588397909487,60.47357469356156,0.4,0,1,0.232968730028434,0,57.64179951011941,0.032094632402561184,0,7.847906092202853,-0.021664871203813087,1,278.9404464180029,2
2012-07-01,5229.0,-0.0094976689750836,1,0,0,202.79515259993153,332.9645468500278,0.010280301270476471,-0.01358584994589689,0,1,130.16939425009625,0,0.0,1,178.94308036808508,0.5198026890963531,0,0.7987413424504243,False,4.471540184042539,983.682547965012,0.47732808061277865,0,0,244.72843302998777,59.28556253805672,0.4,0,1,0.2123024841856128,0,64.36774831760191,0.009630547969011938,0,8.483792718813818,-0.02528350245220366,1,278.2151144539782,2
2012-08-01,5258.5,0.0056257597719525,1,0,0,203.87889836421962,332.35322559018306,0.058365388285142906,-0.02462407802721583,0,1,128.47432722596344,0,0.0,1,196.3150265854084,0.5963865036256302,0,-6.523008291906148,False,0.0,994.7759772986618,0.2382579789285728,0,0,242.86065519966664,87.27835511741516,0.5,1,1,0.16997593702097408,0,70.35501958800563,-0.014962281122795728,1,8.395947515250352,-0.020400311267665793,1,277.4840800897054,3
2012-09-01,5703.2998046875,0.0811991054600824,0,0,0,206.2922225049581,331.52636138423946,0.09492753242811301,-0.02708174662458463,0,1,125.23413887928137,0,0.0,1,215.72418038513698,0.653438392589175,0,-13.925605455616143,False,0.0,997.8686731171952,-0.033488819561853234,0,0,239.51888472498013,134.3156716540481,0.4,1,0,0.1015904980121483,0,74.63803290385867,-0.03396298136152331,1,7.612933232067965,-0.008310099524707999,1,277.0244070723709,3
2012-10-01,5619.7001953125,-0.0147666039851831,1,0,0,209.4918041368495,330.7967862569476,0.11572667411860771,-0.02012788698682486,0,1,121.30498212009809,0,0.0,1,236.0357005811104,0.6990523255832838,0,-20.06762087360673,False,0.0,992.6757760414334,-0.30112529203893246,0,0,236.91070944541474,178.2315092103559,0.5,1,0,0.010169740129032259,0,76.36596247347654,-0.04025757903014969,1,6.463692821344028,0.0068676877914294835,0,276.99996313725427,2
2012-11-01,5879.85009765625,0.0452529515368471,1,0,1,213.20044717837632,330.3855824356466,0.12055592107868973,-0.005466162444787387,0,1,117.18513525727028,0,0.0,1,258.3416824341024,0.7383544501574778,0,-23.966655135928868,True,0.0,979.5161061274266,-0.52274247993887,0,0,236.02894192703783,179.47688503727144,0.5,1,1,-0.08912652777571654,1,75.09388233010897,-0.0311119091668853,1,5.317036089158922,0.02184127448979684,0,277.45241817717823,3
2012-12-01,5905.10009765625,0.0042851328548684,0,0,1,216.67213004724826,330.4757930627445,0.10798088566150926,0.011548236238376114,0,0,113.80366301549626,0,0.0,1,280.95869815119556,0.7674772112317902,0,-24.13269998984466,True,7.5,962.4840921164463,-0.5738923280191557,0,0,236.03670087071436,135.469520483496,0.9,1,1,-0.13627588000587504,1,71.5124241497868,-0.010160018025151726,1,4.675730446802951,0.03198309074553758,0,278.2739784911183,2
2013-01-01,6034.75,0.0217180278261814,0,1,1,219.58286218327171,331.08439316808614,0.07680368840303035,0.026950718688836035,0,0,111.50153098481442,0,0.0,1,305.0726963523586,0.7857583485606646,0,-20.112089736148572,False,0.0,947.1451403972334,-0.38297523654671295,0,0,234.94278820902403,89.60150773302746,0.5,1,1,-0.09308623762855257,1,67.72633180821822,0.01622123071596936,0,4.7687542101315925,0.03543919161578638,0,279.3396536364614,1
2013-02-01,5693.0498046875,-0.0582883303319319,0,0,0,221.26833708353743,332.08411806047417,0.029837692839447687,0.03624436330876898,0,0,110.81578097693674,0,0.0,0,329.5424087135124,0.7903153883782502,0,-12.59944638121236,False,0.0,940.6465940506716,-0.035345156959465385,0,0,232.1100665284952,44.67986203366888,0.4,1,0,0.006855469104438803,0,66.33424979952409,0.0392896236968319,0,5.647493089995826,0.030997078580578263,0,280.39010878064664,0
2013-03-01,5682.5498046875,-0.0018460570594067,1,0,0,221.4260711152237,333.1360471052365,-0.0184584637589898,0.03770494857232323,1,0,111.70997599001282,0,0.0,0,351.5951194602577,0.7829134643076159,0,-4.108988017747439,False,0.7975597301288531,944.408503691659,0.28506357540049976,0,0,229.13003805307727,0.5438628987016125,0.5,1,0,0.09502649214010905,0,67.80467189430823,0.05266226541140219,0,6.955443185297963,0.021008334491520567,0,281.129792118553,1
2013-04-01,5930.2001953125,0.0426579309095395,1,0,1,220.12609143935575,334.2305847055471,-0.06186824629615274,0.03165673994590169,1,0,114.10449326619133,0,0.0,0,15.609662741933036,0.7647782002867051,0,5.621272693304642,False,0.0,957.8760224025486,0.5547800651206671,0,0,227.31114233987705,0.0,0.0,0,0,0.16598053972837828,0,71.93140247601448,0.05710853893562564,0,8.68588769357088,0.005910349880736275,0,281.5531875289553,1
2013-05-01,5985.9501953125,0.0093571170119122,1,1,1,217.9744396150259,335.0092730440401,-0.07576405713848183,0.01946842508922982,1,0,117.03483342901424,0,0.0,0,38.205960454149846,0.7408911376582452,0,13.997528706403074,False,0.0,976.8955150908319,0.6850565746851771,0,0,226.8807425195862,43.20874724346222,0.4,1,0,0.20720312744701705,0,77.5915238107765,0.050875384987666535,0,10.329565330403014,-0.009188218802150204,1,281.4988919807377,2
2013-06-01,5842.2001953125,-0.0243076175389006,1,0,1,215.87044333682493,335.3649374870413,-0.0545254992765939,0.0031600648608818395,1,0,119.49449415021635,0,0.0,0,60.754391766386156,0.7136935692898189,0,20.3809075327806,False,0.0,998.3416275200589,0.6760025987589415,0,0,226.65236642263528,87.07887858533176,0.5,1,1,0.22695249957308528,0,84.37531329980862,0.03498483851335043,0,11.682220248259036,-0.02094712447880789,1,281.01627645121334,2
2013-07-01,5742.0,-0.0172998899630829,1,1,0,214.85531855324902,335.2202620877603,-0.011026811984985774,-0.01245334824171673,1,1,120.3649435345113,0,0.0,1,81.77013424993486,0.6876092079400543,0,23.57383356008643,True,1.3276006874511417,1016.9924034895635,0.5570858254898212,0,0,225.47381256812236,133.83557142807572,0.9,1,1,0.2278773593254859,0,91.24049406457337,0.013105779320098543,0,12.415228555679397,-0.025216148392842697,1,280.30420232222195,3
2013-08-01,5471.7998046875,-0.0481999874485611,1,0,0,215.2975631965353,334.63698444186196,0.03900720735484119,-0.0240424282040294,0,1,119.33942124532666,0,0.0,1,102.68375970975039,0.6620866658934892,0,23.534559771000694,True,0.0,1031.3172987460016,0.36549662295851704,0,0,222.9071637198966,178.49842743136168,0.5,1,1,0.21075472481083773,0,98.087712426683,-0.011692977219649337,1,12.43471404913593,-0.020975463207905234,1,279.5662139062828,3
2013-09-01,5735.2998046875,0.047032431283321,1,0,0,217.18880000569126,333.81630737350514,0.08096700540041879,-0.027278500327125376,0,1,116.62750736781388,0,0.0,1,122.82033411266858,0.6373154888564463,0,20.501284512356584,False,0.0,1029.092894585395,-0.22428015793252598,0,0,219.83696251291815,0.0,0.0,0,0,0.1724045144962883,0,104.08551933440548,-0.03200415749626467,1,11.73524729838875,-0.009363497852804272,1,279.08064797271385,3
2013-10-01,6299.14990234375,0.0937746626232425,1,0,1,220.06124124908408,333.0691632028528,0.10807465046284837,-0.02107835648097485,0,1,113.00792195376872,0,0.0,1,141.55811903252948,0.6115829797015578,0,15.524722376438273,False,0.0,1021.1070063746406,-0.2962289167492145,0,0,218.08861220607926,134.0907933469818,0.4,1,0,0.11030155069904268,0,108.39140433147044,-0.040395892104064725,1,10.6147444364044,0.005584422024552707,0,279.02015039197045,2
2013-11-01,6176.10009765625,-0.019727668043679,1,0,0,223.6379493456484,332.6211865372094,0.11981015021431278,-0.0068775484458368915,0,1,108.98323719156099,0,0.0,1,160.0195209485038,0.5779296761174427,0,9.25530664121903,False,0.0,1011.5851305946136,-0.3067896157787118,0,0,217.76820151895876,91.42649479602721,0.5,1,1,0.01894901982772089,0,110.45666060684903,-0.03340273826928014,1,9.430514642955083,0.020648240866551464,0,279.43379801698757,2
2013-12-01,6304.0,0.0204973324423822,1,1,0,227.19000636895345,332.66908517729377,0.11418825940634222,0.010164108049271167,0,0,105.47907880834032,0,0.0,1,176.67813610060014,0.5291173988557379,0,3.0172126722744625,False,3.339068050300071,1003.022517157596,-0.25690645811209833,0,0,217.50590101682266,76.94139290877592,0.4,0,1,-0.07809584111145938,1,109.5425818092952,-0.013629530676527161,1,8.701264947751419,0.031192850441951397,0,280.22522152813764,2
2014-01-01,6089.5,-0.0346183760105498,1,0,0,230.40298620752694,333.2395190428449,0.09012123220013876,0.025985371971495783,0,0,102.83653283531797,0,0.0,1,191.86565488164416,0.4422213159631681,0,-2.685121150425322,False,0.0,996.560118399241,-0.15668250554290353,0,0,215.46145993514884,71.99158205234852,0.4,0,1,-0.1344423723344093,1,106.05016675339398,0.012744865980031822,0,8.68304540714744,0.035228590929331026,0,281.27416399584075,1
2014-02-01,6276.9501953125,0.0303182482858121,1,0,0,232.59496958204764,334.2159303634846,0.0487945988543541,0.035815220329668614,0,0,101.62096078143693,0,0.0,1,203.2944684615151,0.2764686794253178,0,-6.6868171824415805,False,1.0,993.4403363856687,-0.2930786041245028,0,0,211.86412624211204,0.0,0.0,0,0,-0.10062910828216394,1,102.17698278317263,0.03664681979550098,0,9.463638558572695,0.031319548441730925,0,282.3254835668634,1
2014-03-01,6704.2001953125,0.0658499999723659,1,0,0,233.31824130605392,335.2634218989419,0.0020404178050676437,0.03785914636697118,0,0,101.94518059288797,0,0.0,0,207.53263566874918,0.0022542033120241728,0,-7.958027417778416,False,1.0,989.5934713997133,0.016106075506741035,0,0,209.37403352171393,0.0,0.0,0,0,-0.016445446953772175,1,100.48247210739287,0.05123616229824018,0,10.713100727552304,0.021772485271689734,0,283.0805958290347,1
2014-04-01,6696.39990234375,-0.0011641708271092,1,0,0,232.59122294893965,336.3720429645471,-0.04703023719337946,0.03237842175482565,1,0,103.78082001560747,0,0.0,0,201.68700902378694,-0.35348302156431477,1,-5.983317721666073,False,2.0,995.6280917630213,0.3504750336039706,0,0,208.3757760831363,44.027052301351375,0.4,1,0,0.08029238161660636,0,101.51629212838245,0.057180704074584844,0,12.422240145556149,0.006940458312865479,0,283.53326344348824,1
2014-05-01,7229.9501953125,0.0766620935557043,1,0,0,230.71011658639597,337.18043388780507,-0.07355671355332608,0.020656566233548897,1,0,106.4703173014091,0,0.0,0,191.28789954883487,-0.24255803449174698,1,-3.008834033439974,False,2.0,1006.7596769791728,0.2518562185443898,0,0,208.37062693350535,2.7574918471910657,0.5,1,0,0.15035329587823076,0,105.04254289788034,0.05239649080766971,0,14.089955075982356,-0.00811364420395134,1,283.51233681687603,2
2014-06-01,7611.35009765625,0.0514084195992606,1,0,0,228.44854643678096,337.5768520219083,-0.06634120441751193,0.00455022236939802,1,0,109.12830558512732,0,0.0,0,189.97445195269205,0.14895899028625112,0,-3.648284709708266,False,1.012774023653975,1014.1220371625176,0.20957511043468458,0,0,207.4767786921948,46.12741725694583,0.4,1,1,0.1955906809116305,0,110.46824317431505,0.03774475642137268,0,15.509565018039858,-0.0201674570320301,1,283.05937525547927,2
2014-07-01,7721.2998046875,0.014342151216077,1,0,0,226.94311896188393,337.471787507783,-0.03054066844877309,-0.011271282560553361,1,1,110.52866854589908,0,0.0,0,198.5553240996593,0.39966690283562584,0,-7.729012873015373,False,0.0,1018.7879348023309,0.09642497577465292,0,0,205.06220936362644,89.14898078969287,1.0,1,1,0.2176440024915299,0,116.71292321070307,0.016530756441155686,0,16.337086363049348,-0.025037634890699843,1,282.3619644331671,3
2014-08-01,7954.35009765625,0.0297362427646922,1,0,0,226.754468625477,336.9179768606843,0.01895730353236606,-0.02343948913505372,0,1,110.1635082352073,0,0.0,1,213.42226775511512,0.5469450293986753,0,-13.623109660718379,False,0.0,1019.4203558628903,-0.0523028339468965,0,0,201.95494850989522,90.37126954234796,1.0,1,1,0.22166549280360298,0,123.56862235928011,-0.00839772595704614,1,16.46464655692216,-0.02149236360695942,1,281.6190759872019,3
2014-09-01,7964.7998046875,0.0013128475573447,1,0,0,228.08034575536712,336.105483697682,0.06511879314573174,-0.027405652995636753,0,1,108.0251379423149,0,0.0,1,231.89224402353835,0.6389827717542146,0,-19.54206658772147,False,0.0,1015.5473294374675,-0.18799880306357863,0,0,199.94976120195895,136.54367576746873,0.4,1,0,0.20706298428848022,0,130.26459653452613,-0.02981889620910012,1,15.854010474100845,-0.010355756228739061,1,281.1095401803687,3
2014-10-01,8322.2001953125,0.0438948577560977,0,0,0,230.56207904329128,335.3428611833139,0.09813412780068555,-0.021890575067289832,0,1,104.78078214002264,0,0.0,1,252.03299630896598,0.7008272908485123,0,-23.717227541146645,True,0.0,1008.417855728608,-0.27556888549293035,0,0,199.30122200381004,178.86217348522706,0.5,1,0,0.17235251877321742,0,136.01259307443198,-0.04013693595635741,1,14.771006907595236,0.00440080629618892,0,281.01447571870193,2
2014-11-01,8588.25,0.0314683235541473,0,1,0,233.93222498821595,334.8597390528253,0.11650691085906001,-0.008184125565954133,0,1,100.92751406460937,0,0.0,1,274.4918139515468,0.7455295396328805,0,-24.863259986597946,True,11.631139536339887,999.2527698774373,-0.30377773086058824,0,0,199.14132247684623,133.45248310850334,0.4,1,1,0.11026193803600527,0,140.46924368583146,-0.03533262232925116,1,13.558609926934645,0.01950558092356386,0,281.3901961386252,2
2014-12-01,8282.7001953125,-0.0362259641997514,1,0,0,237.48667762538693,334.8656093696565,0.11756946734104276,0.008751350489689395,0,0,97.37893174426958,1,2.621068255730421,1,297.29572214495033,0.7722047513971512,0,-22.047139564150164,False,5.0,990.5203456054469,-0.2701192537509769,0,0,198.11485620881191,91.52521166153798,1.0,1,1,0.02378280129868456,0,142.53908434406745,-0.01697942732011435,1,12.746850428110374,0.030329059503856472,0,282.1512874882335,1
2015-01-01,8808.900390625,0.0615935926015724,0,0,1,240.9166617722492,335.396886100631,0.1005561359566228,0.024885723214119592,0,0,94.48022432838178,1,5.51977567161822,1,321.4423848326685,0.7829064144371897,0,-15.42387462976851,False,0.0,983.4022985609623,-0.1845345925098627,0,0,195.3906932692388,75.26935160119143,0.4,1,1,-0.07484554334384785,1,141.72176171636195,0.009140486071179222,0,12.617811052730438,0.034897866511884416,0,283.1822872750118,1
2015-02-01,8844.599609375,0.0040444407525405,0,1,1,243.53640634367537,336.3484332655415,0.06563280325700162,0.03532245182750793,0,0,92.8120269218661,1,7.1879730781338935,1,345.6747772522863,0.7780724813537618,0,-6.391382727997877,False,0.0,979.5206515503269,-0.06567401118741145,0,0,191.94332533209752,1.5003544750403375,0.5,1,0,-0.13157384191539637,1,138.33070395744062,0.033830880422894005,0,13.296732118838735,0.03159846993991381,0,284.2329583801907,1
2015-03-01,8491.0,-0.0408002801165566,0,1,1,244.78469800518852,337.39006202641565,0.022127356730639088,0.03796476477365682,0,0,92.60536402122713,1,7.394635978772868,0,7.2770398423197244,0.7635306949304139,0,2.44473074949967,False,1.3614800788401378,979.3962663966829,0.05287162425247516,0,0,190.36154660503627,0.3295055265551756,0.5,1,0,-0.10851782968501376,1,134.79851333201063,0.04960546971820213,0,14.482831203529955,0.022510858785953724,0,285.0022090356212,1
2015-04-01,8181.5,-0.0371312711304131,0,0,0,244.66363462986618,338.511327988706,-0.029287628899296234,0.03305651830390426,1,0,93.84769335883982,1,6.15230664116018,0,30.60375817014744,0.7404771595745598,0,11.568562465030192,False,0.0,983.0013446131841,0.17098308194113088,0,0,190.0059650650817,45.316493007436804,0.4,1,0,-0.02272113053022676,1,132.6723826208704,0.05700283975507343,0,16.164306936458217,0.007975760310882107,0,285.48307834385736,2
2015-05-01,8433.650390625,0.0303541941981346,0,0,1,243.18169441912656,339.348305700067,-0.06578239362205733,0.021774763196601536,1,0,96.16661128094043,1,3.8333887190595703,0,52.45144990756593,0.715697813737408,0,18.579164929108916,False,0.0,989.3373242210399,0.2383522352596401,0,0,189.82049338088973,89.78726521383678,0.5,1,0,0.06826159703150969,0,133.38593356745972,0.05365659566508228,0,17.850356529646533,-0.00705591319866597,1,285.4949824497657,2
2015-06-01,8368.5,-0.0077550451133921,0,0,1,240.9387852174432,339.7849627756604,-0.07285386843855937,0.0059347095687599044,1,0,98.84617755821719,0,1.1538224417828076,0,74.2534035035459,0.6909868569983993,0,23.007786675091904,False,0.0,996.7859275037498,0.22730545253671153,0,0,188.14986250911693,121.48984964082803,0.4,0,1,0.14077243471816112,0,136.69481009277706,0.04034264781066585,0,19.331748969318102,-0.019358237374508792,1,285.0719519496759,2
2015-07-01,8532.849609375,0.0194487178377495,0,1,1,239.06496552988392,339.7201883338443,-0.04738610344466634,-0.009974704382857696,1,1,100.65522280396038,0,0.0,0,94.6619066680039,0.6698746451841554,0,24.105002993643275,True,4.003569998997079,1002.3723766459555,0.1367632541855528,0,0,185.11962749333176,121.48984964082803,0.4,0,1,0.18622216112613532,0,141.65718483748572,0.01998940783187071,0,20.251153852861616,-0.02473922898130655,1,284.39051684843173,3
2015-08-01,7971.2998046875,-0.0680758081416491,0,0,1,238.2829473655839,339.19779221618967,-0.001188672513428029,-0.022680155121261508,1,1,100.91484485060576,0,0.0,1,115.13946328467907,0.651597631903734,0,22.052360128898354,False,0.0,1004.4100103547994,-0.004991199231653809,0,0,182.223875935085,129.28517751803622,0.4,0,1,0.21130429929202982,0,147.87240112160546,-0.004887603973588045,1,20.487952542983614,-0.021891012446046954,1,283.64480812178965,4
2015-09-01,7948.89990234375,-0.0028140246400839,0,0,1,239.01505342342222,338.3957483605217,0.04757170185845407,-0.02748933062690166,0,1,99.38069493709946,0,0.619305062900537,1,135.10196212215328,0.6364928851606546,0,17.39294451028523,False,0.0,1001.9132292408747,-0.14783162913931847,0,0,181.0919571822155,0.0,0.0,0,0,0.21723731125182286,0,154.56474290197747,-0.027378175605096308,1,19.97166804385953,-0.011360875666130227,1,283.11305318451343,3
2015-10-01,8065.7998046875,0.0145993344636577,0,0,1,241.04925963913908,337.6193979477675,0.08594203136722192,-0.02272645964053427,0,1,96.5701383086284,1,3.429861691371599,1,154.00030059737193,0.6233207253922515,0,11.228808940534782,False,0.0,989.1245416396994,-0.7057278905227804,0,0,180.9898603990882,135.6046521072407,0.4,1,0,0.2047008422125534,0,160.94248361018262,-0.03961092681579083,1,18.9346161214039,0.003151669751447605,0,282.9844100664067,2
2015-11-01,7935.25,-0.0163180170230231,1,0,1,244.14331293092755,337.10211066496805,0.11090269064268829,-0.009494403148042709,0,1,92.9587977340405,1,7.041202265959498,1,173.09922942011715,0.6083751503846127,0,4.011249800339256,False,1.5496147100585773,967.7059113005614,-0.6560581716810248,0,0,180.30890953367194,178.34093747169464,0.5,1,0,0.1696813987203348,0,166.80886739836356,-0.03703399871455197,1,17.703025314603735,0.018360102641744636,0,283.3225489547928,2
2015-12-01,7946.35009765625,0.0013978565629991,1,1,1,247.62826075926873,337.06614708592906,0.11859418517639383,0.007343507511274861,0,0,89.43788632666033,1,9.437886326660333,0,191.0681947612411,0.5883778882492077,0,-3.0342919382231175,False,0.0,950.3643421207287,-0.4866271221324041,0,0,178.07415772325984,135.11932183677698,0.9,1,1,0.10997544735669637,0,171.07012251076324,-0.020229430740952098,1,16.81440724446731,0.029497623836071615,0,284.053246316603,1
2016-01-01,7563.5498046875,-0.0493720851596944,1,1,0,251.1970548350403,337.5575806326856,0.10851749632152947,0.02373109704371154,0,0,86.3605257976453,1,6.360525797645295,0,208.83412730525623,0.5551137218000192,0,-9.656931969269277,False,0.0,939.5404412768354,-0.20676225118984348,0,0,174.88031143533655,133.9106967223048,0.9,1,1,0.021474508471055243,0,173.16580076493682,0.005435926897399965,0,16.57549560570917,0.03453106542335565,0,285.06563497380375,0
2016-02-01,6987.0498046875,-0.0792822231331725,1,0,0,254.16742065156777,338.48282091673866,0.08019982178837334,0.034753285246287756,0,0,84.3154002651709,1,4.315400265170894,0,225.2122698945135,0.4959605765966569,0,-14.992399331676674,False,0.0,938.323619840515,0.11581442704982692,0,0,172.5941313594562,92.90313411628063,0.5,1,0,-0.07500632961023657,1,172.30310101919068,0.03081953212368993,0,17.149510674277288,0.03181804159522317,0,286.1143796425054,1
2016-03-01,7738.39990234375,0.102136527528166,1,0,0,255.92941829552652,339.55511884015095,0.03949264797446329,0.03801062817739936,0,0,83.62570054462444,1,3.6257005446244364,0,238.24576912945577,0.39266785088540035,0,-18.48495551546568,False,0.0,945.4672419249912,0.3470644968988381,0,0,171.84778902910992,44.05321437131033,0.4,1,0,-0.12816112634220883,1,169.20755498610453,0.048222436703837544,0,18.31547540397576,0.022813975596896283,0,286.91944320096906,1
2016-04-01,7849.7998046875,0.0142930936150362,1,0,0,256.3638129179459,340.68329509718006,-0.011691687553374052,0.03351671372155832,1,0,84.31948217923417,1,4.319482179234171,1,247.43643237935592,0.17640872170281033,0,-20.6902747817735,False,1.0,957.8325926702616,0.41468298862628217,0,0,171.61749099981733,0.441051490296946,0.5,1,0,-0.10505696672888136,1,165.37532424449364,0.05683427600916867,0,19.972138400390303,0.00854888644444917,0,287.41314328197274,2
2016-05-01,8160.10009765625,0.0387684068888758,1,0,0,255.32896517512418,341.53707344729963,-0.0546788156006619,0.022503326320956477,1,0,86.20810827217545,1,6.208108272175451,1,247.67700101881096,-0.17592548507462105,1,-21.70016265391717,False,2.0,969.0455065111987,0.3154550360735584,0,0,170.51097172231962,45.5666339368469,0.4,1,0,-0.024643465154984494,1,163.3542203174408,0.05461073734455943,0,21.66886530086476,-0.006428542948934294,1,287.44240004045116,3
2016-06-01,8287.75,0.0155220851991011,0,0,0,253.2484033162666,341.9979353275278,-0.07409091770381832,0.006758513250850252,1,0,88.74953201126118,1,8.74953201126118,1,238.31539022877672,-0.3319911479076538,1,-21.39758634830874,False,2.0,975.8119554114569,0.11659358439760581,0,0,167.99888733041084,46.753096855363495,0.4,1,0,0.06668980452489552,0,164.03855222780288,0.042285462740621504,0,23.19499792227023,-0.018897153448657996,1,287.0369333482872,2
2016-07-01,8638.5,0.041450435663182,0,0,1,251.16204170729603,341.95774898235277,-0.05982359446437812,-0.009220434682075432,1,1,90.79570727505674,1,9.204292724943258,0,233.0737154923028,0.020836850747853505,0,-21.08212299808457,False,1.0,975.6755865888127,-0.12183151265583092,0,0,165.0325972575676,89.87844888143132,1.0,1,1,0.13621138081109196,0,167.1415184609888,0.022610251156962555,0,24.18360448033835,-0.024552218295395264,1,286.3665045773847,3
2016-08-01,8786.2001953125,0.0169533743786319,1,0,1,249.89348973840694,341.45490957706295,-0.019040807498076358,-0.022219756061557343,1,1,91.56141983865601,1,8.438580161343992,1,239.5379884622982,0.36659153559781704,0,-22.848031760201636,False,0.0,967.8073604003716,-0.3745040437925127,0,0,163.04851174994718,135.22984328476323,0.9,1,1,0.18386446581738622,0,172.16271457286834,-0.0021494668195945793,1,24.50497493439813,-0.022047019861656036,1,285.62177338747625,4
2016-09-01,8611.150390625,-0.0201244105067178,1,0,1,250.072000498885,340.65996252580305,0.030563108662952435,-0.027528717187945185,0,1,90.58796202691806,1,9.412037973081937,1,254.21886499971174,0.5605457912422713,0,-25.208974857148466,True,0.0,952.6769154523812,-0.5836118548470495,0,0,162.7093803075734,177.69319823435822,0.5,1,0,0.20969792117063868,0,178.31388482753863,-0.025398928808396084,1,24.06438052681116,-0.01185942501926386,1,285.07970118766843,3
2016-10-01,8638.0,0.0031131540338956,1,1,1,251.65293403860682,339.8759888068887,0.07313603716141384,-0.02325012648183782,0,1,88.22305476828188,1,8.223054768281884,0,272.7424259610888,0.6645617646761572,0,-25.80311616294367,True,12.94318052918338,933.0923460621309,-0.7020044647565555,0,0,162.6366733076145,133.38498035741242,0.4,1,0,0.21607174115947278,0,184.74450794934904,-0.03909944769386076,1,23.0676262121326,0.00244488208598979,0,284.93305351510304,2
2016-11-01,8224.5,-0.0490535700084335,1,0,0,254.4363072210129,339.3385762185436,0.10385056335296466,-0.010285082361651088,0,1,84.90226899753071,1,4.902268997530712,0,294.35740454398126,0.7237396712777092,0,-23.14198993873926,False,5.0,910.8755345304144,-0.7111969735703951,0,0,160.91445878644984,91.6167882011402,0.5,1,0,0.2028092266072869,0,191.29123417607795,-0.03822432756289479,1,21.82673244375439,0.01766790581728225,0,285.24937697662784,2
2016-12-01,8185.7998046875,-0.0047165825752456,1,0,0,257.79711184655963,339.2778403920992,0.11751415967742329,0.006547456838786561,0,0,81.48072854553959,0,1.4807285455395913,0,316.52430284006624,0.7502259161126036,0,-17.22834812905507,False,0.0,890.9125593921858,-0.6051993541873344,0,0,157.61148473318892,88.02223272186393,0.5,1,1,0.16768521654177795,0,196.90747712216006,-0.022600172714150636,1,20.88302827271331,0.02897770816241273,0,285.9609257274018,1
2017-01-01,8561.2998046875,0.0448511030133294,1,0,0,261.4271079416139,339.7456357061377,0.11365112775071826,0.023108701066310144,0,0,78.31852776452382,0,0.0,0,339.90194989770936,0.7552682754715618,0,-8.659438564146466,False,0.0,874.090150709631,-0.5953697514867144,0,0,154.51597137604966,46.15450630607393,0.9,1,1,0.10435076823381242,0,201.19814179259427,0.002693884526019848,0,20.56141558774009,0.034245518416440794,0,286.95955796473135,0
2017-02-01,8879.599609375,0.0365044419850311,1,0,0,264.65152684365506,340.6548652406024,0.09135478175386283,0.03439775864543552,0,0,76.00333839694736,0,0.0,0,3.18195293246232,0.7450968370619357,0,0.9297881079766048,False,3.40902353376884,863.8052612944027,-0.0693530033679508,0,0,153.44525573592674,0.0,0.0,0,0,0.015066716872209774,0,203.1042996874117,0.028476871315075043,0,21.05394581253867,0.03177387310775429,0,288.0029823777279,0
2017-03-01,9173.75,0.0325896779239446,1,0,0,266.75562772921216,341.68427092418307,0.056827059531800096,0.037936452157234075,0,0,74.9286431949709,0,0.0,0,23.816821147288636,0.7283960870735262,0,9.269299890052045,False,0.0,869.1152225245385,0.42224152195308307,0,0,153.37051362154227,0.0,0.0,0,0,-0.0707309461011957,1,202.3025185779434,0.0462479213880362,0,22.117002611592582,0.023423596100663868,0,288.7883627042515,1
2017-04-01,9304.0498046875,0.0141036233652593,1,0,0,267.7763963636764,342.8225060706647,0.007822370622872724,0.0341569582949021,0,0,75.04610970698832,0,0.0,1,46.057426132580865,0.7065872644036654,0,17.013338625967545,False,0.0,879.4194035225873,0.41645074150574146,0,0,152.67935367729868,0.0,0.0,0,0,-0.1265958976176645,1,199.07179941559502,0.05638123230795343,0,23.735391469900375,0.009526524683507441,0,289.3079776470124,1
2017-05-01,9621.25,0.0335244256239953,1,0,0,267.284093507904,343.70325743577104,-0.03932951150758649,0.023642421516633875,1,0,76.41916392786703,0,0.0,1,66.93259386124527,0.6856966374937181,0,22.115874092656277,False,0.0,892.9053553949987,0.44843667311511126,0,0,150.5297042099888,2.5431614645020097,0.5,1,0,-0.10502689448760504,1,195.40688680539552,0.05564375250721394,0,25.440400575027855,-0.005354150806994574,1,289.36879139593316,3
2017-06-01,9520.900390625,-0.0104847706882494,1,0,0,265.5166570309088,344.2037102648962,-0.07019965076126007,0.008112206783115807,1,0,78.6870532339874,0,0.0,1,87.88400244695103,0.6667924034042818,0,24.290354279131318,True,5.913001835213272,904.7843412338027,0.2980223688098249,0,0,147.5886756227207,1.646306759940149,0.5,1,0,-0.024312838233708136,1,193.314428787618,0.04462035884351105,0,27.019546170531914,-0.018093227944838895,1,288.99323931795175,3
2017-07-01,10077.099609375,0.0567760608956226,1,0,0,263.34499386169944,344.2042925955334,-0.06907699424651735,-0.007988890510987445,1,1,80.85929873383395,0,0.8592987338339526,1,107.66242955750619,0.6524944747753759,0,23.27777959745861,False,0.0,910.0665550401593,0.051835448003544116,0,0,145.30064022115778,44.36912387627889,0.9,1,1,0.06328038749290543,0,193.92042598107588,0.0258435545713322,0,28.09440476732158,-0.024281433398565273,1,288.3399846328313,3
2017-08-01,9917.900390625,-0.0159242393497538,1,0,0,261.63621626226336,343.73477225149054,-0.036896224212177864,-0.02141982713849246,1,1,82.09855598922718,1,2.0985559892271795,1,127.71884419576861,0.6421618430778357,0,19.41346098754044,False,0.0,907.1142109929717,-0.23341765884003962,0,0,144.32204913725343,87.23837094679021,1.0,1,1,0.13583467609834077,0,197.06613489585774,0.0013997281556184136,0,28.52468440311646,-0.022377130364404994,1,287.5947152012293,3
2017-09-01,9788.599609375,-0.0131228413779709,1,0,0,261.22223947640714,342.95374397548073,0.011409474368975533,-0.027422094120208518,0,1,81.7315044990736,0,1.7315044990735942,0,147.52164668934182,0.6359302218136406,0,13.424954539391235,False,0.0,895.6537312252794,-0.48829956191457313,0,0,144.18151862471356,136.78001900141524,0.4,1,0,0.18456132872864922,0,202.09107105313967,-0.022527878693960914,1,28.186432166705746,-0.012679910753763252,1,287.0334937725441,3
2017-10-01,10335.2998046875,0.0543467980449854,1,0,0,262.27151737116736,342.1595722632292,0.0574789694110926,-0.023924815035502513,0,1,79.88805489206186,0,0.0,0,166.55054469753165,0.6328210060911134,0,6.387676667512717,False,0.0,876.4951447427491,-1.1552416861570691,0,0,143.42123366951375,136.78001900141524,0.4,1,0,0.21084762161946272,0,208.07068713841818,-0.03797309793252009,1,27.25044587807452,0.0013247936993454675,0,286.8558052161702,2
2017-11-01,10226.5498046875,-0.0105779408071647,1,0,0,264.656713270836,341.5903550952297,0.09398804497759103,-0.01157234344982249,0,1,76.9336418243937,0,0.0,0,186.1436083612732,0.6310335830132431,0,-1.3959813821986506,False,1.9281958193633955,838.8105039681677,-1.241148847807949,0,0,140.94572070886625,179.6259772033431,0.5,1,0,0.21802126305584374,0,214.77174583145262,-0.039432571935074885,1,26.00755091129771,0.01649910206571635,0,287.13587073772703,2
2017-12-01,10530.7001953125,0.0293075586326508,1,0,1,267.8188007483407,341.4882386276933,0.11403820163840661,0.005112829249315855,0,0,73.66943787935259,0,0.0,0,205.0508516419446,0.6288167325767448,0,-8.715660948045297,False,0.0,802.6505089312706,-1.1431399764053367,0,0,137.59807081608886,133.33246561441138,0.9,1,1,0.20497525450541768,0,221.1708112415317,-0.02557710062430805,1,24.998719534673086,0.028082873670484024,0,287.8169335608496,1
2018-01-01,11027.7001953125,0.0461154878040552,1,1,1,271.44876149160524,341.91524810396567,0.11704439973167956,0.021972162786952146,0,0,70.46648661236043,0,0.0,0,224.47904103599862,0.6236084603414506,0,-15.323589113943711,False,0.0,771.1385708564412,-0.8714007764394864,0,0,135.31906366246014,90.37140253146299,1.0,1,1,0.1679738362035314,0,227.0194041445479,-0.0009382962784047164,1,24.570803552477987,0.03387529298552073,0,288.7959386552815,1
2018-02-01,10492.849609375,-0.0497162714191498,1,1,0,274.8839917191804,342.7962862367467,0.10150419543826354,0.03376473216722458,0,0,67.9122945175663,0,0.0,0,243.6574150300459,0.6121922046069942,0,-20.252083933195763,False,0.0,750.4275966467671,-0.45701649994884974,0,0,134.93083583228784,44.85316448453284,0.4,1,0,0.10374071140626975,0,231.30341071900082,0.02525403541148052,0,24.954162621909443,0.03193659976619807,0,289.83579303072776,0
2018-03-01,10113.7001953125,-0.0368030759267241,1,0,0,277.35115311031393,343.81610775000945,0.07243455522847309,0.037927549366284834,0,0,66.46495463969552,0,0.0,0,260.5484884070943,0.592120730986545,0,-22.8242082260608,False,0.2742442035471413,744.1732543925278,0.0028019801153504886,0,0,134.8465831299222,0.6281395855810317,0.5,1,0,0.023980728453139418,0,233.13011966085097,0.04406510973357385,0,25.940955939135165,0.02402967334944542,0,290.6320034211417,0
2018-04-01,10739.349609375,0.0600235697860178,0,0,0,278.9226956688565,344.9629246515997,0.027131519921004203,0.034694336506407186,0,0,66.0402289827432,0,0.0,1,278.3193589312175,0.5493343734483767,0,-23.530633106477246,True,8.76048080158688,752.5993480123591,0.5106991598928516,0,0,133.25971736388954,0.0,0.0,0,0,-0.07006563559331003,1,232.3849959588753,0.05562596559216722,0,27.514718470593472,0.010447468210655697,0,291.1763115511307,1
2018-05-01,10736.150390625,-0.0002979412608475,1,0,0,279.0028170116046,345.86932489471155,-0.0215100938234498,0.024718110693980486,1,0,66.86650788310698,0,0.0,1,293.6710245805705,0.4640399118985329,0,-22.670987428847585,False,5.0,773.3841303322558,0.8145583056059422,0,0,130.18684057866227,45.96032653452383,0.4,1,0,-0.12468195731201157,1,229.3089834259212,0.056417615314438986,0,29.221762067431644,-0.004307567613185177,1,291.26784563992993,3
2018-06-01,10714.2998046875,-0.0020373086155624,1,0,0,277.66646403121644,346.40886616930976,-0.06129110232618246,0.00953977773662147,1,0,68.74240213809333,0,0.0,1,305.49951704441054,0.2763313210166189,0,-21.71156927817023,False,1.0,798.7059528027637,0.7520970098998987,0,0,127.19759441942682,88.14325822004524,0.5,1,0,-0.10468465178015349,1,225.54320734338572,0.046877068045093395,0,30.848494475029977,-0.017210762348921937,1,290.92228320167925,3
2018-07-01,11356.5,0.0582109876450348,0,0,1,275.56553390802696,346.45081001660566,-0.07335890034899585,-0.00662774604116423,1,1,70.8852761085787,0,0.0,1,309.0840836985454,-0.05802591161046842,1,-22.837774479193044,False,2.0,815.9049742235902,0.36880100309167574,0,0,125.97124284103158,134.41809642153189,0.9,1,1,-0.027720132863950527,1,223.47272649605358,0.029121970498330013,0,32.00633199766179,-0.023902465677857577,1,290.287221650718,4
2018-08-01,11680.5,0.0281305174736793,0,1,1,273.5353235654527,346.0161877137286,-0.05238985002114757,-0.020563926255435055,1,1,72.48086414827588,0,0.0,1,302.71074255728223,-0.26720363904171046,1,-25.93724886953686,True,3.0,818.9437783888394,-0.16189098916595412,0,0,125.87791987222094,141.78826160005605,0.4,0,1,0.06357640841888132,0,224.04978793572593,0.005036781652980003,0,32.545300458797875,-0.022694918732500766,1,289.54295654379604,3
2018-09-01,10930.4501953125,-0.0663682944046653,1,1,1,272.5621696166117,345.2509794882808,-0.008060373925900406,-0.02731966051845823,1,1,72.6888098716691,0,0.0,0,298.7731160543601,0.06624345278572746,0,-25.917319591952698,True,9.0,805.6922327582236,-0.6609413170124299,0,0,125.37036057424814,178.6724945081584,0.5,1,1,0.13790608741470134,0,227.23462453698508,-0.019491479014090183,1,32.31327779070645,-0.013546246270858478,1,288.9638675157951,4
2018-10-01,10386.599609375,-0.0510360140783003,1,0,0,273.05024301444575,344.448503034967,0.040162371820251494,-0.02457232377009561,0,1,71.39826002052126,0,0.0,0,306.1429167016707,0.39536211337070015,0,-22.468167939988597,False,0.0,779.90972216259,-1.0197253703622664,0,0,123.54124654032417,178.42783320002013,0.5,1,0,0.18717897374341735,0,232.16767660574564,-0.03654817844183403,1,31.445977136132523,0.00020781767101652563,0,288.75613349527515,2
2018-11-01,10876.75,0.0461110073487695,1,0,1,274.97769875622606,343.84888584526453,0.08207287210435525,-0.012814685238295723,0,1,68.87118708903847,0,0.0,0,321.4506130048222,0.5687668530177739,0,-16.50748154713474,False,0.0,744.7049981986625,-1.2127951188851966,0,0,120.62508665597797,179.41410314277078,0.5,1,0,0.2158062746124761,0,238.47039691643658,-0.04034260270736921,1,30.211052921582986,0.015387583583663055,0,289.00059277059427,2
2018-12-01,10862.5498046875,-0.0013064079763104,1,0,0,277.8752787253971,343.70571755674706,0.108409941825526,0.0036520951647166324,0,0,65.83043883134997,0,0.0,0,339.7950266782926,0.6428703032805564,0,-8.946327252247805,False,0.0,707.8141719279948,-1.217699299388869,0,0,118.03278468831438,179.78201728973633,0.5,1,1,0.2232741335782041,0,245.10607325234383,-0.0284447535720526,1,29.144396818667566,0.02719521947019935,0,289.6512051796737,1
2019-01-01,10830.9501953125,-0.0029132810956613,1,0,0,281.4358538209128,344.0911393982094,0.11826896365161685,0.020737326036074397,0,0,62.65528557729658,0,0.0,0,0.27068721523626904,0.6720636695079938,0,-0.15542176133358904,False,4.864656392381866,672.2635604961351,-1.0562471756970808,0,0,116.85569150198457,135.9142702998915,0.9,1,1,0.20967387460680503,0,251.87427495782538,-0.004676890209557676,1,28.612522293210862,0.033436555895493825,0,290.6099163288492,1
2019-02-01,10792.5,-0.0035563460493498,1,0,0,285.0122087075913,344.94269491248815,0.10950907180139588,0.03312842556439104,0,0,59.93048620489685,0,0.0,0,21.23299258475218,0.6773940500422136,0,8.558956441607501,False,0.0,643.9763366956586,-0.7591854884428813,0,0,116.79397225504475,91.16675397228687,0.5,1,0,0.17211048648900285,0,257.8556758681056,0.02193981566028049,0,28.884516939571842,0.0320971537562892,0,291.6451539862771,0
2019-03-01,11570.0,0.0695640927580897,0,0,0,287.78313498693075,345.95162940818216,0.08618578968449321,0.03787497291820902,0,0,58.16849442125141,0,0.0,0,40.141493949962744,0.6720482176125214,0,15.48288873355539,False,0.0,627.7793896408758,-0.3982906895157612,0,0,116.03299999954147,90.02524587846864,0.5,1,0,0.11538968866058132,0,261.9300967616125,0.04175775089142484,0,29.790696961205736,0.02464501924382666,0,292.45110032350954,0
2019-04-01,11748.150390625,0.0152802734299376,1,0,1,289.85940374091575,347.10582353408057,0.04560980194169458,0.03527454392749639,0,0,57.24641979316482,0,0.0,0,60.821779768585145,0.661669402375748,0,21.22166269160182,False,0.0,622.8792710401094,0.07530505493036799,0,0,113.63566432524547,44.11894165388412,0.4,1,0,0.028790346338879787,0,264.21750887619555,0.05478254000491308,0,31.314116739640507,0.011387384267524664,0,293.0191099962839,0
2019-05-01,11922.7998046875,0.0147567023645832,1,0,1,290.517016964904,348.0367549942406,-0.0024016139232386794,0.025762080276957634,1,0,57.51973802933662,0,0.0,1,80.5091766109849,0.6509539698412569,0,24.169217712800265,True,0.38188245823867106,632.3692265759203,0.5297438615530154,0,0,110.42423244375404,2.5284102547539966,0.5,1,0,-0.0629960146708028,1,263.68486634879724,0.05703581983108793,0,33.01730397810898,-0.0033140222409714613,1,293.14054670235674,3
2019-06-01,11788.849609375,-0.0112983806316938,1,1,1,289.6994709542625,348.6144790732729,-0.048337744405344656,0.010881954068303761,1,0,58.915008119010395,0,0.0,1,100.53909899069943,0.6418767736040681,0,24.171192054530383,True,0.0,654.0373588155342,0.8073206931233017,0,0,108.13757451736396,44.32978245904801,0.4,1,0,-0.1236967892524753,1,260.6340753821965,0.04893262748854802,0,34.68591102657486,-0.016415182642027595,1,292.8245127754257,3
2019-07-01,11118.0,-0.0585887198371345,1,0,0,287.81814313641917,348.69778569288746,-0.07246143421007904,-0.0052732289627872835,1,1,60.8796425564683,0,0.0,1,119.69978959408162,0.6363589948753499,0,21.363520099039953,False,0.0,677.6691608471742,0.7062033702736699,0,0,107.62294335909142,87.65395182870942,1.0,1,1,-0.10942127771353459,1,256.94524049839475,0.032301873032001306,0,35.922709431954175,-0.02351632758419507,1,292.2081251208467,4
2019-08-01,11023.25,-0.0085587379560631,1,0,0,285.6080345917342,348.2992764114147,-0.06435363127382321,-0.019626136893264413,1,1,62.6912418196805,0,0.0,1,139.38523303212153,0.6346809346372506,0,16.10087699744273,False,0.0,693.0106835037093,0.25777463518102195,0,0,107.57371515922986,88.87733519154293,1.0,1,1,-0.03113297988566935,1,254.66222361860588,0.008717364382374401,0,36.569273584692944,-0.022905423060930713,1,291.46629419439785,4
2019-09-01,11474.4501953125,0.0401161629609899,0,0,0,284.1382919152322,347.5518714141192,-0.02685363953162484,-0.027176688136457103,1,1,63.41357949888703,0,0.0,1,159.08357729206168,0.6370917601144006,0,9.168868853677072,False,0.0,691.9273283091177,-0.3091139562519629,0,0,106.27143891922152,127.33214277449342,0.4,1,1,0.06299994556754825,0,255.17155907890356,-0.01634673869349873,1,36.446601406739475,-0.014355144892275398,1,290.8710185310368,4
2019-10-01,11877.4501953125,0.034518819337774,0,0,0,284.05153117370037,346.7429842547553,0.021603337587578954,-0.025210050445378086,0,1,62.69145308105493,0,0.0,0,178.27462086737486,0.6430206333599886,0,1.584640413381112,False,4.137310433687432,674.9998827068791,-0.7814785633496513,0,0,103.42252564006456,179.2582361641537,0.5,1,0,0.13870359697095977,0,258.25097821225864,-0.034918799844019015,1,35.65522234845097,-0.0009011994480809116,1,290.63439217193377,3
2019-11-01,12056.0498046875,0.0149249315537845,0,0,1,285.4661717210117,346.1143605285066,0.06813642879901202,-0.013987777408031641,0,1,60.64818880749493,0,0.0,0,198.33608527336028,0.651802856778602,0,-6.4242010915147585,False,0.0,645.2536824676496,-1.0950189631270177,0,0,100.30762208877462,135.65149549491096,0.4,1,0,0.1926251353718813,0,263.4487746568964,-0.04091633290594027,1,34.43810087006131,0.014317747393569094,0,290.8438445611738,2
2019-12-01,12168.4501953125,0.0092799601446522,0,0,1,288.0329214935631,345.9307254586702,0.10058773963330062,0.0022877369987830735,0,0,57.89780396510713,0,0.0,0,218.03670163035892,0.6618134294880819,0,-13.59252358971638,False,0.0,610.2071164455527,-1.2080533868266912,0,0,98.69028892067442,90.07835064460733,1.0,1,1,0.22195496513669927,0,269.71893831876565,-0.030999049482325115,1,33.32181544760029,0.026368816463571938,0,291.464099376358,1
2020-01-01,11962.099609375,-0.0171032668341605,0,1,1,291.4534657476054,346.27422152319696,0.11708514355437424,0.019507274844773204,0,0,54.82075577559158,0,0.0,0,238.72085899941933,0.6725689346777973,0,-19.523899625525917,False,0.0,573.2585380999731,-1.1521038266305368,0,0,98.3827991101197,45.03759469237622,0.9,1,1,0.23038748705486012,0,276.7855491864761,-0.008313650958650748,1,32.68980582367355,0.03297072507817333,0,292.4020282861721,1
2020-02-01,11201.75,-0.0656732696429657,1,1,1,295.1011978169881,347.0948419069211,0.11513631144189834,0.03237005292354843,0,0,51.993644089933014,0,0.0,0,259.7355724598224,0.6828088824215698,0,-23.036054684057788,False,0.0,543.6111801291909,-0.797235113281431,0,0,97.80107881638378,40.33770668217983,0.4,0,1,0.21697404138292453,0,283.777750908953,0.018473757974092987,0,32.84879826026442,0.03212434844418242,0,293.43134654494844,0
2020-03-01,8597.75,-0.2645694749733552,1,0,0,298.21313616628584,348.129087758808,0.09686846353395749,0.037773543219479414,0,0,49.91595159252216,0,0.0,0,279.6633757235139,0.6908089676496879,0,-23.502377802231422,True,7.752468207364558,524.0065598896574,-0.5532989080720654,0,0,95.79434843228965,1.3709638493731262,0.5,1,0,0.1834952434268746,0,289.63696878680184,0.03985626483443559,0,33.70944809550114,0.024790225657213158,0,294.2707664313779,0
2020-04-01,9859.900390625,0.1369755250708912,1,1,0,300.70541269199725,349.2868197899519,0.06140783427857818,0.03560277167794551,0,0,48.58140709795464,0,0.0,0,301.1665608648392,0.6950579709749894,0,-20.854108781795656,False,0.0,511.8046329335757,-0.23441030789149409,0,0,92.73167535757275,0.0,0.0,0,0,0.12311838025529565,0,294.4586376346266,0.05402066610475773,0,35.19047267029659,0.011821408971106602,0,294.848173394504,0
2020-05-01,9580.2998046875,-0.0287671798471721,1,0,0,301.88131478367757,350.23201077351894,0.015663140231446483,0.026394599903283564,0,0,48.35069598984137,0,0.0,1,321.97852518641344,0.6896289266841273,0,-15.725343473713048,False,0.0,514.1336191739891,0.20843184910711443,0,0,90.26826291013624,43.35011934869347,0.4,1,0,0.04079865074117911,0,296.97105293811643,0.05741252375913218,0,36.887176269423314,-0.0027658358287942133,1,294.9842503936273,1
2020-06-01,10302.099609375,0.0726388336866403,1,0,0,301.5934125644723,350.83262732161273,-0.033404181008356355,0.011663112184904378,1,0,49.23921475714042,0,0.0,1,343.0298680552346,0.6628912016409378,0,-8.87197182471062,False,0.0,523.7922255362928,0.39714220208577444,0,0,89.20687015277001,0.0,0.0,0,0,-0.055416785352812865,1,296.7375003330698,0.05037275580855632,0,38.58499605701415,-0.01595096705756858,1,294.6845031672124,3
2020-07-01,11073.4501953125,0.0722026488889471,1,0,0,300.03246872399444,350.94116751865795,-0.06694412412664895,-0.004479024669803567,1,1,50.90869879466351,0,0.0,1,2.0600388963325154,0.5957726722421712,0,-2.066368275466662,False,3.9699805518337423,537.4151233212382,0.6597450507416625,0,0,89.1161924059218,43.131362262495934,0.9,1,1,-0.12108146387988548,1,293.95767404058216,0.03463429433051989,0,39.88081724122452,-0.023248195939216263,1,294.0798922593236,4
2020-08-01,11387.5,0.0279658936648363,1,0,0,297.7949687531268,350.56513076928206,-0.07142678973005513,-0.01900929550738507,1,1,52.77016201615527,0,0.0,1,18.436052756848536,0.4402157752298754,0,3.6603133941612422,False,0.0,556.5530424824683,0.5163732176280291,0,0,88.61478356520954,43.96602485349967,0.9,1,1,-0.11423856086784226,1,290.0836612518488,0.011587847358378067,0,40.61025183511166,-0.022913550529321692,1,293.3417906945736,4
2020-09-01,11247.5498046875,-0.0123659527953419,1,0,0,295.9501072555381,349.8295070460712,-0.042747909678842816,-0.026992164287780673,1,1,53.879399790533114,0,0.0,1,27.63055181816488,0.11942167362247334,0,6.652812574620649,False,1.0,566.000155927789,0.07534903318935449,0,0,86.33633561698974,87.55553177049148,0.5,1,1,-0.03663996996751993,1,287.6192241228486,-0.013710610671893705,1,40.57451548806443,-0.014695666616192118,1,292.7400118126084,5
2020-10-01,11642.400390625,0.0345033303781749,1,0,0,295.3414337361416,349.01761524160645,0.003765166386263863,-0.025556478396842556,0,1,53.676181505464854,0,0.0,0,24.910491873197238,-0.275197106448138,1,6.20893982911128,False,2.0,560.6326374833653,-0.4081906367287047,0,0,83.00924461627055,134.21870676674433,0.4,1,0,0.058436254403742345,0,287.952716990642,-0.03341831715594696,1,39.8464923029339,-0.0015077251594731093,1,292.48884712450763,3
2020-11-01,12968.9501953125,0.1079044138899046,1,0,0,296.2441564021445,348.37206234234867,0.053456915340710245,-0.014730809311547698,0,1,52.12790594020419,0,0.0,0,16.28171708257455,-0.16557559687251586,1,4.821270706354416,False,2.0,541.5330030339207,-0.7822314583195293,0,0,80.43169120123578,177.17484961193625,0.5,1,0,0.14132499977652432,0,291.11260969145513,-0.0411769235607346,1,38.64926379841529,0.013629830620741535,0,292.6788690393086,2
2020-12-01,13981.75,0.0751948537395298,1,1,0,298.45071442522124,348.164396402254,0.09132854758264634,0.001444715178043682,0,0,49.71368197703276,0,0.0,0,17.15700242587963,0.2098263030546021,0,6.71327639014486,False,1.0,520.7154446420432,-0.6243587615044817,0,0,79.89111180081402,148.422553238211,0.4,0,1,0.19657491097750965,0,296.2449090629586,-0.0328394690869209,1,37.49992701183455,0.025804741030355238,0,293.28080952097145,1
2021-01-01,13634.599609375,-0.0251422568476081,1,0,0,301.6817493632755,348.482804488145,0.11409266586045984,0.018781154779111273,0,0,46.80105512486949,0,0.0,0,27.574175932065486,0.43412885396114287,0,11.431810142797222,False,0.0,503.95949717297583,-0.36688967965602615,0,0,79.85625610286695,135.75625049771475,0.9,1,1,0.22848440328277209,0,302.8971446508481,-0.0110609111065111,1,36.79366337345566,0.03262823042968101,0,294.20431664264646,1
2021-02-01,14529.150390625,0.0635463521500049,1,0,0,305.3348706879727,349.2845127912586,0.11842450374248514,0.03187776745329724,0,0,43.949642103285896,0,0.0,1,42.81644577038791,0.5352758332528371,0,16.912931126942308,False,0.0,494.45535412131676,-0.24070901379286624,0,0,78.35609652164342,89.56612835626458,0.5,1,1,0.23746194185903902,0,310.1774101625215,0.01570906890861328,0,36.86538160144464,0.03200540024291706,0,295.2263641227584,0
2021-03-01,14690.7001953125,0.0110576507083062,1,0,0,308.52061998987847,350.27288459832397,0.1065867741334457,0.03753818766767902,0,0,41.7522646084455,0,0.0,1,58.469694331860346,0.5771817438938716,0,21.223463690504946,False,0.0,489.8133954819042,-0.09338341102363756,0,0,75.65540304201812,44.58997624954941,0.4,1,0,0.22712736101043032,0,316.72410404155175,0.03711302613494641,0,37.618741804006625,0.025252897397477003,0,296.0415252377533,0
2021-04-01,14631.099609375,-0.0040652803318297,1,0,0,311.41210167488447,351.43502975838373,0.07726027815799595,0.036066086793425454,0,0,40.02292808349927,0,0.0,1,76.74304046355476,0.5984701610238274,0,24.25161435766268,True,0.0,489.6362898471299,0.07516344703537925,0,0,72.55148447856793,0.6389086273401219,0.5,1,0,0.19501450089533684,0,323.3263626652902,0.05273374073931636,0,39.037907449171016,0.012691821096414162,0,296.6402990291382,0
2021-05-01,15582.7998046875,0.0630183558709116,1,0,0,313.1273833153179,352.4027513599404,0.03539124869680782,0.02744933746710962,0,0,39.275368044622496,0,0.0,1,94.86139740212593,0.6079929324894302,0,24.792633176612814,True,3.8539519484055518,494.2093966803559,0.21851349318740176,0,0,71.04506147435993,45.09172505587671,0.4,1,0,0.14104215794389696,0,328.42498499033303,0.05777693880341295,0,40.71950189370206,-0.0017176670011452694,1,296.8048367459243,1
2021-06-01,15721.5,0.0088614729480753,1,0,0,313.4507246879369,353.04069648442356,-0.014627869908952078,0.013050107347673574,1,0,39.58997179648668,0,0.0,0,113.8097917885936,0.6139478250059799,0,22.677919666475432,False,0.0,502.8395170041299,0.32324851827922885,0,0,70.74926533569918,46.26187041244486,0.4,1,0,0.060052911170091726,0,331.6032852347589,0.05216847467321459,0,42.449237735455874,-0.015087701087946203,1,296.53434438266675,2
2021-07-01,15763.0498046875,0.0026393789376708,1,0,0,312.34990953109855,353.19082144926364,-0.056198395139630375,-0.0031286245608952144,1,1,40.84091191816509,0,0.0,0,132.3178193891518,0.6198793339962199,0,18.294033217370334,False,0.0,513.1526463366364,0.34834955328653905,0,0,70.37699013788564,88.46121363697071,0.5,1,1,-0.03469693089352406,1,331.9958365172997,0.037591454457859635,0,43.8167207145681,-0.022869569677305412,1,295.9490150894915,4
2021-08-01,17132.19921875,0.0832911069100792,0,0,1,310.2410466964997,352.85238371937356,-0.07439594650020227,-0.018038077999575425,1,1,42.61133702287384,0,0.0,0,151.66017256621944,0.6283516269286066,0,11.89936265142174,False,0.0,522.9671280079388,0.2684935685558685,0,0,68.89211029531052,135.58448622131237,0.9,1,1,-0.11500557424188756,1,329.5575438853327,0.015263681704771445,0,44.65082329113303,-0.023131374941099677,1,295.21470980058524,4
2021-09-01,17618.150390625,0.0279699546988949,0,0,1,308.1049923104474,352.13752843095955,-0.057755560851326555,-0.02667359044946039,1,1,44.032536120512134,0,0.0,0,171.31156798756797,0.6400706802204168,0,4.277295945714912,False,0.6557839937839844,528.5865958755354,0.08656987898018542,0,0,66.13138476714478,178.9546851661587,0.5,1,1,-0.1238560554741739,1,325.6211577520694,-0.010166428354868251,1,44.72923092678383,-0.015391307642721869,1,294.59885001815604,5
2021-10-01,17671.650390625,0.0030320398416678,0,1,1,306.95630887426586,351.32248500833373,-0.016009346653904848,-0.02604448479721382,1,1,44.36617613406787,0,0.0,1,190.72124141705945,0.6545373530399494,0,-3.5983327509203917,False,0.0,527.8083585904302,-0.13114040850575748,0,0,63.36447645560148,0.0,0.0,0,0,-0.05499522494607501,1,322.79499327318194,-0.031171986243498297,1,44.08982122847152,-0.002521944912944514,1,294.3208196478979,5
2021-11-01,16983.19921875,-0.0397371085502062,0,0,1,307.261629402509,350.6501753838374,0.035546310664694325,-0.015941212275082328,0,1,43.38854598132838,0,0.0,1,211.27750381848887,0.6722445512753102,0,-11.48963914430771,False,0.0,520.5821697716017,-0.315736543524622,0,0,61.8882629179701,136.74209075493812,0.4,1,0,0.04730123385174533,0,322.6689934846887,-0.041246187301903846,1,42.92827424318201,0.012509643300582128,0,294.4770047909458,2
2021-12-01,17354.05078125,0.021601379431276,0,0,0,309.00779047727593,350.40242640381666,0.07884608824002598,-3.432451597960927e-05,0,1,41.39463592654073,0,0.0,1,231.72212886445044,0.6911496320025791,0,-18.016714032116873,False,0.0,509.5722678919889,-0.3973604751528228,0,0,61.728224347513795,106.21274795403016,0.4,0,1,0.13405021249266424,0,325.4499962007927,-0.03512278031203944,1,41.74432954384061,0.024888284505194137,0,295.04858053411374,2
2022-01-01,17339.849609375,-0.0008186552972273,0,1,1,311.95699312837536,350.67782912373104,0.10855180559144276,0.01754684533278246,0,0,38.720835995355685,0,0.0,1,253.45466572655133,0.7112475740332816,0,-22.54947993804693,False,0.0,497.4207001666865,-0.37047076437153237,0,0,61.19082658799906,107.89718015132246,0.4,0,1,0.19621410807298326,0,330.6438292108466,-0.0146062006216557,1,40.94528965304051,0.03220182022987271,0,295.9505326090467,1
2022-02-01,16793.900390625,-0.0319915497723457,1,0,1,315.5445772266641,351.4468301198514,0.11990454683929763,0.0311347012463196,0,0,35.902252893187324,0,0.0,1,275.79613529211736,0.7301523816221648,0,-23.806782691782328,True,10.652898530911983,487.5518324445893,-0.2596124744853796,0,0,58.685903786951435,119.6298899839802,0.4,0,1,0.2308550884663375,0,337.3270908668962,0.012122626324445057,0,40.90235977765741,0.03207851562310094,0,296.96552811310374,0
2022-03-01,17464.75,0.0391688153173579,0,1,1,318.8561069002094,352.4204639753451,0.11425266358694566,0.0373531964933472,0,0,33.56435707513572,0,0.0,1,296.44672239790435,0.7446323169610746,0,-21.68886485488444,False,5.0,482.2323425057557,-0.1221674830350139,0,0,55.65819260265466,92.75773362883427,0.5,1,0,0.24188144431450073,0,343.9849813868192,0.03430859337198442,0,41.56335129874069,0.025748574871872036,0,297.78744420986965,0
2022-04-01,17102.55078125,-0.0209569429351198,1,1,0,322.08451223585104,353.58555620941763,0.09124705897486468,0.03644994094287809,0,0,31.501043973566595,0,0.0,1,319.70348589493676,0.7547473716665444,0,-16.063474578228316,False,0.0,481.0354976912773,0.039031481399206314,0,0,53.056080194884494,45.911376226406446,0.4,1,0,0.23428273902850585,0,351.41598020444,0.05124969402266844,0,42.91473847894644,0.013456371337783796,0,298.4063860429104,0
2022-05-01,16584.55078125,-0.0307560346917087,1,1,0,324.29910827078885,354.5742601680657,0.05423109302479949,0.02837704634598808,0,0,30.275151897276828,0,0.0,1,342.375262434731,0.7549481410979181,0,-8.33555396966725,False,0.0,491.4937182609427,0.5396496116226217,0,0,52.464820066382124,45.911376226406446,0.4,1,0,0.20759010684129914,0,358.0921480086147,0.05774303547581571,0,44.575064063850625,-0.0008091464441190712,1,298.59815436752785,1
2022-06-01,15780.25,-0.0497124280552754,1,0,0,325.2434074780983,355.2483400935321,0.00562225428718997,0.014397735315197053,0,0,30.004932615433802,0,0.0,0,5.595700774598014,0.7403480888327436,0,0.6105554714549063,False,2.202149612700993,509.0442464232714,0.576681790794396,0,0,52.46950765001611,1.6474780200770098,0.5,1,0,0.15780225785719523,0,3.817588755701994,0.05378608551935468,0,46.3301715798189,-0.014241154045483142,1,298.3562006128029,1
2022-07-01,17158.25,0.0837199493761146,1,0,0,324.6927083800283,355.43986686876525,-0.041068998094399435,-0.0017375072441505007,1,1,30.747158488736943,0,0.0,0,27.35865418164766,0.7068443129346424,0,8.837523846516723,False,0.0,525.5570016670448,0.5060407253008634,0,0,51.40446859877857,43.34239001984657,0.4,1,1,0.08508744633030244,0,7.523109189974163,0.040450251131545656,0,47.76459521486835,-0.02240870271095212,1,297.79054520308006,3
2022-08-01,17759.30078125,0.0344302588564926,0,1,0,322.8759212337152,355.1398555097749,-0.0716852563722273,-0.017043792746342847,1,1,32.26393427605973,0,0.0,0,48.39136750096056,0.644086983390098,0,15.688310409930796,False,0.0,538.1976815192957,0.29238875745022597,0,0,48.59231341895831,87.91675948050232,1.0,1,1,-0.012074233552562933,1,8.695689878717166,0.018858758758467795,0,48.70081474330738,-0.023286835112771846,1,297.06127868598446,4
2022-09-01,17094.349609375,-0.0381613896603027,1,0,0,320.601593249317,354.44724224186143,-0.0689965475277411,-0.026354301215474923,1,1,33.845648992544454,0,0.0,0,66.82757194856644,0.5342727273336719,0,20.167451185370954,False,0.0,542.2915763029077,-0.026122134916704454,0,0,45.578617842977,96.57134613615841,0.4,1,1,-0.10363575974363012,1,6.823840468980432,-0.006609288672966881,1,48.894440875312945,-0.01607829047153326,1,296.43267040941777,5
2022-10-01,18012.19921875,0.0523012860093638,1,0,1,318.97723710133477,353.63091286923077,-0.03511922423980067,-0.026457765444449746,1,1,34.653675767896004,0,0.0,0,80.25156028194115,0.3395763359087285,0,22.45219949105166,False,0.12578014097057633,537.063829373769,-0.2929509802015673,0,0,43.848709002775976,134.36215739970527,0.4,1,0,-0.13279932807945768,1,3.067999970731536,-0.02867667706298638,1,48.34953045735516,-0.003483972132524531,1,296.1289545486113,5
2022-11-01,18758.349609375,0.0405897030812974,0,1,1,318.6636413869451,352.93368356967045,0.01606854566211551,-0.017004254283616987,0,1,34.270042182725376,0,0.0,1,85.58688211696492,-0.028013811174690616,1,23.89648981649986,True,7.190161587723686,525.9078433550635,-0.39028025494155827,1,0,43.416554278431285,178.14556735843212,0.5,1,0,-0.07434562337255171,1,359.65468968350194,-0.04086299795480109,1,47.23372959992622,0.011488900127937131,0,296.2522929094388,3
2022-12-01,18105.30078125,-0.0354342095552785,1,1,1,319.88302150083973,352.64667900718393,0.06386312002725206,-0.0014477474261177345,0,1,32.7636575063442,0,0.0,1,78.68648768739186,-0.3787406461315501,1,24.964896344161712,True,3.0,514.9527300270463,-0.3217353606163442,0,0,43.16413365621054,135.2862352937919,0.4,1,1,0.026121101079271538,0,358.8974235309517,-0.03704821711528131,1,46.024791770635744,0.023991421693491274,0,296.79381027893015,2
2023-01-01,17662.150390625,-0.0247808023024844,1,1,0,322.46882955216716,352.8785708266593,0.10021513846371442,0.0161942696243601,0,0,30.40974127449215,0,0.0,1,68.98767882628157,-0.15283886003890584,1,24.579524660227687,True,3.0,507.42915446997455,-0.15854883939562114,0,0,41.757405286366385,91.95710550164478,1.0,1,1,0.12194473461430629,0,1.2536366770520886,-0.018105178849789103,1,45.138466661615354,0.03163197022094487,0,297.6735816065642,1
2023-02-01,17303.94921875,-0.0204891999438569,1,0,0,325.9107592720118,353.6132939851545,0.11874144770270342,0.030283827831456386,0,0,27.70253471314271,0,0.0,1,70.38562422334631,0.21710467532675215,0,24.682564581648318,True,1.5,505.6771440979855,0.042270217889210926,0,0,38.6500598335516,68.27096414367287,0.4,1,1,0.1888039384335761,0,6.148784550214171,0.00842374619163771,0,44.980503201416795,0.03205538419023186,0,298.6802298160216,0
2023-03-01,17359.75,0.0032195542142365,1,0,0,329.2805937911354,354.5706496050695,0.11947307175675789,0.03707485221770556,0,0,25.29005581393409,0,0.0,1,79.30943818809148,0.40047309894096306,0,25.40351392858058,True,0.0,509.5509741186105,0.22692389653929013,0,0,35.80753666379093,2.775187550211214,0.5,1,0,0.22424505610706785,0,11.981201687391216,0.03131364604081603,0,45.54524047073381,0.02617019149688197,0,299.5078008892091,0
2023-04-01,18065.0,0.0398220563927527,1,0,0,332.77751356393384,355.7369564339487,0.103212916417395,0.03681553889966117,0,0,22.95944287001487,0,0.0,1,93.45064659093872,0.5003159037391403,0,25.455653338699356,True,4.912015056795962,519.6343697801171,0.41313546721755756,0,0,34.242279085840515,1.7782053550133057,0.5,1,0,0.2405139639081931,0,19.241254735198968,0.04956697635909566,0,46.822526896678866,0.014251126367885855,0,300.1458050372822,0
2023-05-01,18534.400390625,0.0256521213651678,1,0,0,335.44074137838186,356.7451849732476,0.07184292345491855,0.029249291270183136,0,0,21.304443594865745,0,0.0,1,109.2720508199078,0.5498028324849958,0,23.79506725375393,True,0.0,534.3816214699643,0.5579438341449077,0,0,34.030269663011666,44.19790406982843,0.4,1,0,0.23700748546549455,0,26.450448121306383,0.05750478511624803,0,48.4546071959606,0.00010246931446084522,0,300.3640551999318,0
2023-06-01,19189.05078125,0.0347113585922543,1,0,0,336.9939179017869,357.4541947500074,0.026541193008675412,0.01565798015466817,0,0,20.460276848220474,0,0.0,1,126.82038593520248,0.58023898309859,0,19.986834091334273,False,0.0,553.3314861242982,0.6494064111367379,0,0,33.62270444996319,87.53725706825313,0.5,1,0,0.21459638758651955,0,33.50335449587319,0.05509697825494395,0,50.22839907137493,-0.013431963629587339,1,300.1502458373435,1
2023-07-01,19753.80078125,0.0290060728952679,1,1,1,337.0551410989297,357.686844210876,-0.022302134828779265,-0.0003244824255646699,1,1,20.631703111946308,0,0.0,0,144.56446013775752,0.6019804055565873,0,14.46021908863241,False,0.0,573.107439856183,0.6511421135714954,0,0,31.725330703973736,89.36740862503643,0.5,1,0,0.17271831937005813,0,39.369063670874,0.04314506457226516,0,51.72449641600852,-0.021900952910615896,1,299.60459773793497,3
2023-08-01,19253.80078125,-0.0256374330260217,1,0,0,335.68147019447775,357.42633348662946,-0.0629617379306876,-0.015883761142923798,1,1,21.744863292151706,0,0.0,0,163.54586752149413,0.622474761518395,0,7.315578742625655,False,0.0,591.6210826280108,0.5213560503157169,0,0,28.44605230574362,91.1555653212549,1.0,1,1,0.10436489462862727,0,43.73487955615161,0.0225321773360679,0,52.76019231523511,-0.02330000487755317,1,298.8816263390693,3
2023-09-01,19638.30078125,0.0197732964908338,1,1,0,333.4459507913798,356.7579262204667,-0.07523045383732133,-0.02593588225152421,1,1,23.311975429086885,0,0.0,0,183.17561989729342,0.6439695341318964,0,-0.6804850249618521,False,3.412190051353292,603.5550208984191,0.23217646467446684,0,0,25.76705739419386,87.02923365041434,0.5,1,1,0.01024577117076559,0,45.56608241914683,-0.0028703390958606597,1,53.07043223783783,-0.016728368251535727,1,298.2417428271166,4
2023-10-01,19079.599609375,-0.0288620999507451,1,0,0,331.44922707044844,355.9420913372081,-0.05261052048723781,-0.0268759837876368,1,1,24.492864266759682,0,0.0,0,202.8380757901918,0.6668408578469396,0,-8.553743676958995,False,0.0,604.7342630114722,-0.14579702641049153,0,0,24.897785009547597,91.32621432402686,0.5,1,0,-0.08581085891641758,1,44.39153571048225,-0.025928803381950923,1,52.62566705661725,-0.004515111912247681,1,297.91325562376613,5
2023-11-01,20133.150390625,0.0537480487066552,1,0,0,330.5203319717662,355.2211223266637,-0.00479716496370813,-0.018087221334550454,1,1,24.700790354897492,0,0.0,1,223.9048177855918,0.6922847431895418,0,-15.962941187652637,False,0.0,594.6848475580133,-0.4609886345664336,0,0,24.82554379152796,134.54097781527227,0.4,1,0,-0.13579885079608406,1,40.74075119114475,-0.04015249942651899,1,51.56508526966607,0.010423523708808856,0,298.004082989852,4
2023-12-01,21731.400390625,0.0763905075544954,1,0,0,331.151725690486,354.8953586325892,0.046243924742880374,-0.002846889818562853,0,1,23.743632942103204,0,0.0,1,245.05287194176117,0.7173666836461022,0,-21.38396314340148,False,0.0,579.1101248136093,-0.5316370156664334,0,0,23.848646062870216,177.78889041579924,0.5,1,0,-0.09552465189631847,1,37.05682427430091,-0.03867815500364865,1,50.340676688064164,0.023123825875389706,0,298.5156947765693,3
2024-01-01,21725.69921875,-0.0002623816112421,1,0,0,333.28795375073287,355.0834151238481,0.08903126347833494,0.0148212427691005,0,0,21.795461373115245,0,0.0,1,267.6791669051023,0.7417958023669118,0,-23.9733261149426,True,5.75937517882673,564.5925841131528,-0.38242846926380025,0,0,21.033885601898934,136.46584935227426,0.9,1,1,0.004801507294512859,0,35.584376031134255,-0.02152904629647647,1,49.37306615182936,0.031085568353794828,0,299.3731312637418,1
2024-02-01,21982.80078125,0.0117645093201557,1,0,0,336.49752006702016,355.7825632379532,0.11486108343906298,0.02932307558731893,0,0,19.285043170933022,0,0.0,1,291.0050852459547,0.7620884222233623,0,-22.630338243424497,False,5.0,556.5882149213377,-0.13524082903802537,0,0,17.857659753251003,91.27287418274443,0.5,1,1,0.10418056258659131,0,37.332450712047354,0.004544400055111888,0,49.10019226045769,0.03196518631108386,0,300.37060385263686,0
2024-03-01,22326.900390625,0.0155318820834851,1,0,0,339.97427110263465,356.7588884982379,0.12214528314621848,0.03683349455219171,0,0,16.784617395603277,0,0.0,1,313.304382883412,0.7745406915411753,0,-17.84788264793384,False,0.0,556.3085028621488,0.10515008077447874,0,0,16.02189855605825,92.48158243059345,0.5,1,0,0.1715511959829468,0,41.39976779662066,0.02881061582378751,0,49.59352638502802,0.02623680511378685,0,301.22914901648386,0
2024-04-01,22604.849609375,0.0123722207239919,1,0,0,343.65545645524156,357.9249090100284,0.11243917745504628,0.037053280111191356,0,0,14.269452554786824,0,0.0,1,337.3999216263788,0.7782816276817986,0,-9.928745004001355,False,0.0,563.3555032959714,0.33559506078722734,0,0,15.62107675669366,44.671920705299875,0.4,1,0,0.21486795095247724,0,47.46063101084636,0.048157017238438245,0,50.80974163592298,0.014621907680226897,0,301.87345308973255,0
2024-05-01,22530.69921875,-0.0032856787724478,1,0,0,346.68127814550627,358.94423961100244,0.08684062606924996,0.029842359412392477,0,0,12.262961465496176,0,0.0,1,0.6567776111170428,0.7705003805519108,0,-0.8987856532080567,False,4.671611194441478,580.0133306791017,0.870372830686506,0,0,15.34364580329361,2.3281483483872307,0.5,1,0,0.23368452394734188,0,54.23936824561454,0.05728879027004046,0,52.41623985160616,0.0006085775450462536,0,302.10351642888907,0
2024-06-01,24010.599609375,0.0636165942682884,0,0,0,348.7701945586004,359.6740801373232,0.04580303758274067,0.01644015985938743,0,0,10.903885578722793,0,0.0,1,24.2557570558115,0.750271859375991,0,8.315976411266604,False,0.0,609.3733556379584,1.0059325493732558,1,0,14.049648513876123,44.65468224042437,0.4,1,0,0.2337302965969419,0,61.53190761017055,0.056076254239179966,0,54.201258808309426,-0.013000219724004865,1,301.90410082553547,1
2024-07-01,24951.150390625,0.0384245457355326,0,0,1,349.425672383323,359.9315580827756,-0.002822192248097191,0.0004998512752073407,1,0,10.50588569945262,0,0.0,0,46.321467025318874,0.7193104320304913,0,15.813175503440089,False,0.0,640.4547964697792,1.0478013211495636,1,0,11.459788992373225,87.52141989027533,0.5,1,0,0.21625146016104121,0,68.32502990328987,0.04518305022350521,0,55.7428753837187,-0.021645997803751833,1,301.3699322860429,2
2024-08-01,25235.900390625,0.0113476704112564,0,0,1,348.5728192443457,359.6951057996531,-0.050216346831892654,-0.015215197151976924,1,1,11.122286555307426,0,0.0,0,67.96089452404738,0.674928376622885,0,21.06224379010575,False,0.0,671.9150270355665,0.9584792360230949,1,0,8.486373331832906,88.72411718495236,0.5,1,1,0.17782789597887744,0,74.48984528180061,0.025370190474399843,0,56.85478836864884,-0.02328961414779391,1,300.6520730850606,3
2024-09-01,25810.849609375,0.0225273316392895,0,1,1,346.5386924221322,359.0417990558509,-0.0757719547591299,-0.025665868769273566,1,1,12.503106633718687,0,0.0,0,87.97615267352066,0.6130388444605845,0,23.338009550088596,False,3.9880763367603294,697.7291888300603,0.6815304726746945,1,0,6.79465420546786,133.7034922080955,0.9,1,1,0.11388661988257777,0,79.08163991499113,0.00011797586918520785,0,57.25672345246247,-0.016991616466552277,1,300.00835822264116,3
2024-10-01,24205.349609375,-0.0642212640543161,1,0,1,344.3254791628175,358.22676687368096,-0.06595308824635981,-0.027141872487500315,1,1,13.901287710863471,0,0.0,0,105.11165942868881,0.5225273346938273,0,23.11997284496271,False,0.0,711.4084531144817,0.21736416306725914,0,0,6.6506622844640235,178.22058147842603,0.5,1,0,0.025908360915438314,0,81.23656033373501,-0.023690632121595705,1,56.89316893487033,-0.005028203749900504,1,299.66829194114104,4
2024-11-01,24131.099609375,-0.0030722181542478,1,1,1,342.8659243649484,357.49175776971765,-0.024383036000356174,-0.018788133949743182,1,1,14.625833404769253,0,0.0,0,119.06061581630848,0.36100214031513506,0,21.72578320679911,False,0.0,708.8451928021668,-0.3628810365130448,0,0,6.390582826766185,135.95084627685156,0.4,1,0,-0.07556201099018774,1,80.44602714345756,-0.039511243486450194,1,55.88086862536573,0.009816610521876237,0,299.74220107312453,4
2024-12-01,23644.80078125,-0.0203581981639746,1,0,1,342.91508861037954,357.1428367017795,0.027970717336447518,-0.0036889733342387395,0,1,14.227748091399974,0,0.0,1,125.97329803601092,0.07141573785128583,0,21.271550872553462,False,1.0,691.0088509225064,-0.7603242964224819,0,0,4.414233579522362,89.79957702937224,0.5,1,0,-0.13446139469546228,1,77.121553012818,-0.03982072023204558,1,54.65017060630372,0.022616026960658314,0,300.2368812801535,3
2025-01-01,23508.400390625,-0.0057854299471487,1,1,0,344.5620839410822,357.30469020914285,0.07628975893308115,0.014076939250567083,0,0,12.742606268060626,0,0.0,1,121.75263131806263,-0.3329019311392491,1,23.600226161809523,True,3.0,666.4533982575085,-0.7486295236673186,0,0,0.7777946895564295,78.91437698196825,0.4,0,1,-0.1052965166180191,1,73.16261529714616,-0.0240233221704789,1,53.623735471120966,0.03076815158444259,0,301.0800914977884,2
2025-02-01,22124.69921875,-0.0606632245373166,1,0,0,347.47774968677993,357.98231044175463,0.10885971015805959,0.028774755611426835,0,0,10.504560754974705,0,0.0,1,110.3165396092157,-0.2901186610046445,1,26.102736889723833,True,3.0,648.4654717698809,-0.38881581448390534,0,0,358.1569405719239,45.91495578127406,0.9,1,1,-0.00997593672367761,1,71.29291303877127,0.0015927277525761593,0,53.26294276732529,0.03180336766666757,0,302.06914163657376,1
2025-03-01,23519.349609375,0.0611288738166397,1,0,0,350.7500904659893,358.9104812045633,0.12234259807587555,0.03644052274266885,0,0,8.160390738574051,0,1.8396092614259487,1,107.1934323907856,0.06506281661624094,0,25.833099692468767,True,1.5,643.4534892499132,0.01487970265657168,0,0,357.4005289816685,43.01932336629481,0.4,1,0,0.0804780835241489,0,72.31395547069138,0.025470511505629893,0,53.648739736583686,0.026563884123517838,0,302.8999077935103,0
2025-04-01,24334.19921875,0.0340592661939092,1,0,0,354.5495380553077,0.07476407534873646,0.11984875775629257,0.03732020319618644,0,0,5.525226020041032,1,4.474773979958968,1,113.76487616135849,0.3299677648402821,0,23.96010545318972,True,0.0,650.4378495534252,0.40917969153247213,1,0,357.3600895928081,0.0,0.0,0,0,0.15591122632943927,0,76.05565580602196,0.046091198406612424,0,54.77955836215025,0.015319402857596318,0,303.56120357108693,0
2025-05-01,24750.69921875,0.0169710036989003,1,0,1,357.89905465547236,1.1112186531394808,0.10091639526981228,0.030714314608431402,0,0,3.212163997667119,1,6.787836002332881,1,125.8228921750563,0.4602588941554808,0,20.739423336565498,False,0.0,667.509085219556,0.7055352090558245,0,0,356.4390420037097,46.17324610630648,0.4,1,0,0.20104247613138482,0,81.47011798103405,0.05676265360825252,0,56.3457946185582,0.0015221532683950367,0,303.81621665768796,0
2025-06-01,25517.05078125,0.0304931469221332,1,1,1,0.5189138691227977,1.8744367755660774,0.06563138410053022,0.017703903060732166,0,0,1.3555229064432797,1,8.64447709355672,1,141.3249311683759,0.5337820546736394,0,15.760222661039974,False,0.0,693.1063462695483,0.9249256973937463,1,0,353.96744253575906,0.0,0.0,0,0,0.22402543958658136,0,88.11147599566333,0.05710501583235554,0,58.13782840193382,-0.012168648713069002,1,303.64434669468176,1
2025-07-01,24768.349609375,-0.0297802741271109,1,0,0,1.8201477529488608,2.1723543606095954,0.019513675194212085,0.0018278132269921405,0,0,0.35220660766073464,1,9.647793392339265,1,158.05820072976945,0.5795808482682289,0,9.482065021439878,False,0.0,723.0211039619351,1.0504578650075018,0,0,351.0619631222198,0.03309106668580597,0.5,1,0,0.22772243540578346,0,94.93009928567211,0.04753689043639133,0,59.73135981804219,-0.021193869013113015,1,303.130429327735,1
2025-08-01,24426.849609375,-0.013883691536798,1,0,0,1.6231235293280386,1.9757852970883887,-0.031788031691508005,-0.01413076623384499,1,1,0.3526617677603501,1,9.64733823223965,0,176.60883016605632,0.6164789476803663,0,1.9072217557418196,False,3.304415083028161,756.2246528274927,1.0696974902782586,0,0,349.07101505886953,44.32872651849203,0.9,1,1,0.21357685329045167,0,101.81960690598076,0.02879160460211893,0,60.93594651136167,-0.023347811184688642,1,302.4198551901244,3
2025-09-01,24611.099609375,0.0075146236732063,0,0,0,359.9886972234051,1.3488909307267347,-0.06967195872519139,-0.02510671606208438,1,1,1.3601937073216277,1,8.639806292678372,0,196.23797916162223,0.6498420301202613,0,-6.160113864962916,False,0.0,787.7108763102442,0.9362743827114173,1,0,348.39416508500875,88.57693806474632,1.0,1,1,0.17882255491860272,0,107.96186033521616,0.003999618762902407,0,61.4542957846731,-0.01749075513593871,1,301.7669405382891,3
2025-10-01,25722.099609375,0.0441529845628556,0,0,1,357.7202893020254,0.537641584528228,-0.07540985253802654,-0.027355496215375245,1,1,2.8173522825028385,1,7.1826477174971615,0,216.2051751684692,0.6813672944678051,0,-13.667968317539412,False,0.0,811.436307235751,0.6235561835185308,1,1,348.17629479643,133.9315657894195,0.4,1,0,0.12084556761138908,0,112.52405059868107,-0.020468812681823143,1,61.19936271608642,-0.0058707779668442225,1,301.4045104967738,4
2025-11-01,26202.94921875,0.0185214406606117,0,0,1,355.7737334170766,359.78188589673,-0.044706441359197296,-0.01980571817424222,1,1,4.008152479653404,1,5.991847520346596,0,237.8254353252826,0.7132463109353574,0,-20.0621677972296,False,0.0,823.1058903494888,0.11993777127827343,1,1,347.0496757427428,177.90054172907207,0.5,1,0,0.03323883966487642,0,114.98166682639581,-0.03822325671349841,1,60.25889100663779,0.008779410132744898,0,301.4477730338042,3
2025-12-01,26129.599609375,-0.0028032136423434,0,1,1,355.16758874458617,359.39542033700815,0.006004517167559223,-0.00512657858659371,0,1,4.227831592421978,1,5.772168407578022,1,259.66553381121275,0.7420107969796503,0,-23.70148427521206,True,0.0,818.08403243463,-0.4308404059871691,1,0,344.26264082883233,178.20435770228357,0.5,1,0,-0.06466290063049292,1,114.50257193323313,-0.04095602827846232,1,59.03063793700799,0.021677871557020677,0,301.91308842078655,3
2026-01-01,25320.650390625,-0.0314484726112155,0,0,0,356.19662248500646,359.51305059056756,0.059104505949067125,0.012726228654504979,0,0,3.3164281055611013,1,6.683571894438899,1,283.07142437907163,0.766697600753464,0,-23.68599211104804,True,7.5,797.7126752819133,-0.8143016052788425,1,0,340.88003350348475,134.24712083877463,0.4,1,1,-0.13099456084398742,1,111.29228053630383,-0.027100713389760587,1,57.935630029051154,0.030229423741193855,0,302.7336154878478,2
2026-02-01,25178.650390625,-0.0056238550658976,0,1,0,358.690088971777,0.1536968017314505,0.09897148943854638,0.02782574638224186,0,0,1.4636078299544124,1,8.536392170045588,1,307.11916994454833,0.7828490695561863,0,-19.501813005522568,False,0.0,771.9148060613826,-0.7752645333207511,1,0,339.0904194172396,91.13596689825908,1.0,1,1,-0.1104423329424656,1,107.30514054656416,-0.002247642266607122,1,57.46272985234838,0.03173784334994495,0,303.71275947150417,2
2026-03-01,23777.80078125,-0.0572440235927957,0,0,0,1.7837473200376395,1.0619180441093465,0.1194047743787206,0.0360176896681663,0,0,0.7218292759282929,1,9.278170724071707,0,329.1377349933544,0.7879464188017934,0,-12.799058165012934,False,0.0,756.1332979826338,-0.2691499341561894,0,0,338.9818657768756,45.675278268685815,0.4,1,0,-0.03146562278095881,1,105.23951563791483,0.022002326584798795,0,57.743232617279475,0.026903124362537143,0,304.54684842884143,1
