Date,Close,Jupiter_Lon,Jupiter_Speed,Jupiter_Retro,Saturn_Lon,Saturn_Speed,Saturn_Retro,Uranus_Lon,Uranus_Speed,Uranus_Retro,Neptune_Lon,Neptune_Speed,Neptune_Retro,Pluto_Lon,Pluto_Speed,Pluto_Retro,Saturn_Neptune_Angle,Log_Return,Target_Bullish_6M,Target_Short_Alert_1M,Target_Short_Alert_3M
2007-09-01,5021.35009765625,250.9068261520342,0.07530420883266079,0,149.86426668406938,0.12628880402094472,0,347.04013668176367,-0.03940136144044354,1,320.1332459237765,-0.025486153135090134,1,266.3115366337068,-0.003224827379511477,1,170.2689792397071,,0,0,0
2007-10-01,5900.64990234375,254.30254056603687,0.14721907498376122,0,153.48817275819007,0.11254708404984898,0,345.8706013258787,-0.0360424343771452,1,319.49602168731815,-0.015692942466774818,1,266.453017890796,0.012652811525716968,0,166.00784892912807,0.16136365648392897,0,1,1
2007-11-01,5762.75,259.7058092930676,0.1972300474381803,0,156.52551957531517,0.08043982670964928,0,344.9926487845721,-0.01858049901764004,1,319.24812859007886,0.0003628673990913301,0,267.0758675049002,0.026865538436501836,0,162.7226090147637,-0.023647706455252927,0,0,1
2007-12-01,6138.60009765625,266.0675869688987,0.2232959409205206,0,158.26427743351752,0.03327014334221556,0,344.79527978262513,0.0059809867750760986,0,319.51337040799336,0.01706961964456183,0,268.02434179054285,0.03524689062461633,0,161.24909297447584,0.06318192770971616,0,1,1
2008-01-01,5137.4501953125,273.1299846804526,0.22869017342762368,0,158.41462533770076,-0.02362805087751599,1,345.38252880158166,0.031151278465299543,0,320.2711771784013,0.030823108993686094,0,269.1558805044612,0.0363383946844625,0,161.85655184070052,-0.17803983360706935,0,0,0
2008-02-01,5223.5,280.0197881567891,0.21211289665977667,0,156.91708024083044,-0.0688722092837837,1,346.65599351161063,0.0494321069817138,0,321.3532007080238,0.037637966141890924,0,270.19422911052783,0.02938896980637061,0,164.43612046719335,0.016610789863128726,0,1,1
2008-03-01,4734.5,285.68580725944213,0.17518278707221902,0,154.67115676372927,-0.07979239976305565,1,348.2225911618751,0.05699491311511238,0,322.4442855307258,0.03644134065593314,0,270.87615122960483,0.01695010460046145,0,167.7731287669965,-0.09829155085400781,0,0,1
2008-04-01,5165.89990234375,290.1829492114199,0.11069332047883267,0,152.53453027296914,-0.05221687153659479,1,349.9718716977765,0.05404474994647895,0,323.4544377277804,0.02760169294873917,0,271.14891802651084,0.0004918816250038011,0,170.91990745481124,0.08720319380442984,0,1,1
2008-05-01,4870.10009765625,292.26710188468485,0.0252204516914752,0,151.68231348027737,-0.0028910668514474857,1,351.42373712030326,0.041279091733095644,0,324.0823028247224,0.013590246179379315,0,270.932994405321,-0.01435252321489236,1,172.399989344445,-0.05896482742905683,0,1,1
2008-06-01,4040.550048828125,291.5513326372656,-0.06961766624945662,1,152.42751821366153,0.0497555818767251,0,352.3947931958989,0.020338000664737465,0,324.2453488950214,-0.003137825163343889,1,270.3181188846452,-0.0240945892658148,1,171.81783068135985,-0.18673365741136658,0,0,1
2008-07-01,4332.9501953125,288.4699880620479,-0.12571907253784775,1,154.55789408199115,0.09003958698154371,0,352.6482890570002,-0.0035534455989513825,1,323.92528840356,-0.017507575681622617,1,269.5547095450314,-0.02532829337583005,1,169.36739432156884,0.06986781501269047,0,0,1
2008-08-01,4360.0,284.670015929079,-0.10552229751567804,1,157.79602949166545,0.11624876587767592,0,352.1738680227532,-0.026036952212507722,1,323.22511830811976,-0.02628158528323849,1,268.86298650381895,-0.017920935001322504,1,165.4290888164543,0.006223408942828203,0,1,1
2008-09-01,3921.199951171875,282.6052018392788,-0.02147614210303121,1,161.59312695329558,0.12600018087265474,0,351.13390399548626,-0.03895086528214739,1,322.3925920850363,-0.02582408111896073,1,268.5113677812036,-0.004032404092846923,1,160.79946513174073,-0.10607434040785135,0,1,1
2008-10-01,2885.60009765625,283.38858553651124,0.07235220359466754,0,165.31296085109122,0.11928387388546878,0,349.9548670188328,-0.03722737575196836,1,321.7403055030102,-0.016413326308350386,1,268.6271962940965,0.01174279180336385,0,156.42734465191896,-0.3066648325032849,1,1,1
2008-11-01,2755.10009765625,286.9157109491651,0.15108129407492762,0,168.67545209943313,0.0946066016070193,0,349.02098706639055,-0.02091906074530855,1,321.4683726161979,-0.00044266721028433936,1,269.2239972093777,0.026130666169720162,0,152.79292051676475,-0.046279109417391426,1,0,0
2008-12-01,2959.14990234375,292.2740096659073,0.2021912181774627,0,170.93746715641973,0.053583819209413214,0,348.74486909672515,0.0032955749229145884,0,321.7093363373018,0.016375579713614478,0,270.1531246462656,0.034793301937687315,0,150.77186918088208,0.07144825690098913,1,1,0
2009-01-01,2874.800048828125,299.03870791502965,0.23039378025747295,0,171.766414553384,-0.0013824919789015677,1,349.251171059294,0.02881650224579571,0,322.44750365282454,0.030343863008928638,0,271.27432277460764,0.0361823142461885,0,150.68108909944053,-0.028918908336376888,1,1,0
2009-02-01,2763.64990234375,306.32435967138434,0.2360508556928633,0,170.87998187789063,-0.05355705707739411,1,350.4644164616544,0.0479569218730983,0,323.51961401839077,0.0374747146876809,0,272.3136731156499,0.029561880267060338,0,152.63963214050014,-0.0394308891208383,1,0,0
2009-03-01,3020.949951171875,312.78822541839975,0.22271927694561525,0,168.96186233095415,-0.07857199914465925,1,351.94734542466955,0.05644566457255752,0,324.5754712046141,0.036790137403359416,0,272.98900160231835,0.017916384494955216,0,155.61360887365993,0.08901910081722071,1,0,0
2009-04-01,3473.949951171875,319.1950284131773,0.18674385222253792,0,166.58834981159166,-0.06778320333769265,1,353.704259954381,0.05507272251891168,0,325.60677126499905,0.028577700484700652,0,273.2977471993102,0.001759047873582662,0,159.0184214534074,0.13972092573544934,1,0,0
2009-05-01,4448.9501953125,323.9849704804158,0.12849128270634194,0,165.11995202920104,-0.02657480580558445,1,355.2067109799413,0.04360528006244982,0,326.2693577450319,0.014917165356240839,0,273.11840475169197,-0.01320653560177133,1,161.14940571583088,0.2473758961521429,1,1,0
2009-06-01,4291.10009765625,326.71349065982946,0.04354725187671746,0,165.1173666104279,0.026520664624009656,0,356.2656137995989,0.023532961425326702,0,326.4747387472282,-0.0018249656839077943,1,272.53132404719565,-0.02350288877365646,1,161.35737213680028,-0.036125024094298894,1,0,0
2009-07-01,4636.4501953125,326.5990568948367,-0.051186176752266076,1,166.62130628906797,0.07195797770057058,0,356.62218965053523,-0.0001446471734941857,1,326.19150048329556,-0.01652115047250692,1,271.7760652091845,-0.025449022264273237,1,159.57019419422758,0.07740589624218347,1,0,0
2009-08-01,4662.10009765625,323.7643888381601,-0.12239991886289132,1,169.4068696755556,0.10520729275220123,0,356.2464838466093,-0.023299613565791005,1,325.51395682236944,-0.02587029837542849,1,271.0702985399908,-0.018676955582364083,1,156.10708714681383,0.00551698202291739,1,0,0
2009-09-01,5083.9501953125,319.83223812990246,-0.11603191545002134,1,172.97660040030374,0.1223598851269716,0,355.26530071380336,-0.037949114214888335,1,324.68079183709375,-0.026196088178656308,1,270.68615436407515,-0.005247262560428634,1,151.70419143679,0.08662254556874469,1,1,0
2009-10-01,4711.7001953125,317.39243544945003,-0.038494311622475824,1,176.69809381200955,0.12298010141589558,0,354.0823148431859,-0.03840737823341083,1,324.0052644262836,-0.017489066612432286,1,270.76159559267194,0.010350978904933814,0,147.30717061427404,-0.07603973837804553,1,0,0
2009-11-01,5032.7001953125,317.7853811009957,0.06331993239141334,0,180.2989035465212,0.10617369013617917,0,353.08179474944205,-0.023889839750688743,1,323.6937391725897,-0.0018798292537845936,1,271.31808040491774,0.024910604734237892,0,143.3948356260685,0.06590783968740303,1,0,1
2009-12-01,5201.0498046875,320.9820331685039,0.1456782723105829,0,183.02124724624798,0.07244133735168062,0,352.7044809717258,-0.00030535510207545393,1,323.89313393762785,0.015065758988940057,0,272.218503766442,0.034067884687753965,0,140.87188669137987,0.032903832498163706,1,1,0
2010-01-01,4882.0498046875,326.4601251991479,0.2029871629190675,0,184.51781576649557,0.02209838308493907,0,353.10279362000574,0.02564044201857172,0,324.5967368957754,0.029493942769599504,0,273.3268246822647,0.03611206725049292,0,140.07892112927982,-0.06329531711177615,1,0,0
2010-02-01,4922.2998046875,333.2929559179804,0.2336076026269127,0,184.33455411008055,-0.03316381847660253,1,354.23305938391854,0.04585069567227509,0,325.6507290580798,0.037176473121587054,0,274.37255245606315,0.03005800629646695,0,141.31617494799923,0.008210687649024275,1,0,0
2010-03-01,5249.10009765625,339.9888361845647,0.2415444056622957,0,182.84145783734564,-0.06973874375979805,1,355.67663604351185,0.05566200500715273,0,326.70747740259026,0.03707792561063276,0,275.0687845634473,0.018854566260617007,0,143.8660195652446,0.06428079067560825,1,0,0
2010-04-01,5278.0,347.3635932447059,0.2307381037189055,0,180.46988919470067,-0.07639935482643653,1,357.4348280143873,0.05583757640462884,0,327.75825008496,0.029459644379737387,0,275.4119728400242,0.00296071962557128,0,147.28836089025936,0.00549058614020599,1,1,0
2010-05-01,5086.2998046875,353.8836503749819,0.20054599250037117,0,178.54330952350693,-0.047099280651825004,1,358.98241764929475,0.045789271484610275,0,328.45450072045935,0.016241567260418078,0,275.26858770746713,-0.012044689911989434,1,149.91119119695242,-0.036996625770243693,1,0,0
2010-06-01,5312.5,359.3263519900908,0.14648619405499294,0,177.83514506026196,0.002946278798277383,0,0.12550990893497307,0.02677218745945596,0,328.70225691334696,-0.0003955145362277667,1,274.71006696248816,-0.022798964600089157,1,150.867111853085,0.04351192193964644,1,0,0
2010-07-01,5367.60009765625,2.62515962910304,0.06947497971647008,0,178.67308513360916,0.05172948689479594,0,0.5844433533294111,0.0033844985495022294,0,328.4568044744845,-0.015435146410439023,1,273.96462662188475,-0.025488004832384344,1,149.78371934087534,0.01031836518778294,1,0,0
2010-08-01,5402.39990234375,3.269363635441933,-0.029434047767160028,1,180.92736710515953,0.09126510526333366,0,0.3106187381137826,-0.020439261890273577,1,327.8034408172927,-0.025474532646105132,1,273.24665399761557,-0.019469262312813266,1,146.87607371213318,0.006462381763720055,0,0,0
2010-09-01,6029.9501953125,0.9298477443805526,-0.11427506605557732,1,184.176549352131,0.11563468066043853,0,359.39527855463956,-0.036718146124535576,1,326.9712606230349,-0.026563626616100313,1,272.83137965578703,-0.006465496778802669,1,142.7947112709039,0.10989547001911538,0,0,0
2010-10-01,6017.7001953125,357.0677967758825,-0.12846291542531724,1,187.80209493456735,0.12343797569834888,0,358.2170818617663,-0.039300363313951064,1,326.2739218429135,-0.01850379751095188,1,272.8673996593547,0.009027913485205673,0,138.47182690834617,-0.0020335922481923394,0,1,1
2010-11-01,5862.7001953125,354.0015647277025,-0.05819927063073092,1,191.53287520724643,0.11426510510141152,0,357.15708456311046,-0.02671539392986022,1,325.9235186022851,-0.003299813111005595,1,273.3839310523948,0.023733159241798935,0,134.3906433950387,-0.026094877329450743,0,0,1
2010-12-01,6134.5,353.7752646985782,0.04359668538768555,0,194.60769502095923,0.08785070170207716,0,356.6811305048973,-0.003974876404938037,1,326.08091974738835,0.013676654378731008,0,274.2550503508665,0.033288059401355076,0,131.47322472642912,0.04531829360559013,0,1,1
2011-01-01,5505.89990234375,356.61887648220454,0.13530084776915668,0,196.6823362698307,0.043491345833348294,0,356.96966349323424,0.022324506181819716,0,326.74864928221075,0.028571988442884826,0,275.34908583980604,0.03596967444592144,0,130.06631301238005,-0.10810834843535691,0,1,0
2011-02-01,5333.25,1.8521921545153208,0.19729632923814572,0,197.19165535838644,-0.011173431708099466,1,358.01272638109054,0.04368978835048328,0,327.7831497735133,0.03692162945941049,0,276.39961073441674,0.030566507683401953,0,130.59149441512685,-0.03185941836414369,0,0,0
2011-03-01,5833.75,7.867977495638629,0.2289644972706085,0,196.2291729193098,-0.055246447136934114,1,359.41183573131804,0.05480832317244025,0,328.8393494977192,0.037414419781332184,0,277.1151723471855,0.01980958880288563,0,132.61017657840938,0.08969920983228828,0,0,1
2011-04-01,5749.5,15.219120939852873,0.241815833203416,0,194.07468265298266,-0.07774066062011657,1,1.1655573452520855,0.0564556243950976,0,329.9083129204243,0.030311797588078178,0,277.4914640545944,0.004102116526497346,0,135.83363026744163,-0.014547123775305875,0,1,1
2011-05-01,5473.10009765625,22.418572416913225,0.23524320370918206,0,191.88083203110574,-0.06285128065148424,1,2.752754098793646,0.04775425907047647,0,330.63704207573187,0.017461922572061295,0,277.3832103906818,-0.010993010168428921,1,138.75621004462613,-0.04926769315406488,0,0,1
2011-06-01,5647.39990234375,29.360638520494398,0.2093826056764182,0,190.55813446104142,-0.019472785902359176,1,3.975461946448699,0.02985758568328019,0,330.92647858692465,0.0009806664016631472,0,276.8533521933362,-0.022116653913384347,1,140.36834412588323,0.03135004360850645,0,1,1
2011-07-01,5482.0,35.007418502847685,0.16343756024464628,0,190.72388003367456,0.030387988014893116,0,4.535101605298602,0.006929150748941441,0,330.71933310264916,-0.01429084687721515,1,276.1191776923679,-0.025421009484760504,1,139.9954530689746,-0.029725247080429812,0,1,1
2011-08-01,5001.0,39.010688452471925,0.09026016935914864,0,192.3880293530162,0.07509356522783546,0,4.3655834507212,-0.017439681939261414,1,330.0917750041042,-0.024999180762580554,1,275.39127868048485,-0.020136861841885605,1,137.70374565108798,-0.09183210544382746,1,0,1
2011-09-01,4943.25,40.34792892624844,-0.007076290222966848,1,195.23556952672521,0.10609827534320711,0,3.5226567567205604,-0.03529285806792884,1,329.2624505811004,-0.02691641213994812,1,274.9467930343105,-0.0076510659782031715,1,134.02688105437517,-0.011614882817964725,1,0,1
2011-10-01,5326.60009765625,38.688996977261425,-0.09939966233153186,1,198.6771155299775,0.12081278479850856,0,2.357840554292573,-0.039937879260653245,1,328.54477262479054,-0.019497892865810048,1,274.9444504944262,0.007715958800291037,0,129.86765709481304,0.07469014466203305,0,1,1
2011-11-01,4832.0498046875,34.82106781612215,-0.13516037478248613,1,202.43895880508296,0.1189878437380934,0,1.2461183498815633,-0.029250099822195372,1,328.15636161109285,-0.004626616796957119,1,275.421391887212,0.022611423915026973,0,125.71740280600989,-0.09744238643995458,1,1,0
2011-12-01,4624.2998046875,31.383211635224598,-0.08115122812487295,1,205.764814555666,0.09980706719613647,0,0.6751210529613823,-0.007492573798401533,1,328.27174295164997,0.01234862944980418,0,276.2628421380945,0.032526338400499934,0,122.50692839598398,-0.04394580191873786,1,0,0
2012-01-01,5199.25,30.439979686323944,0.0228980745237586,0,208.32061064905176,0.06213560863851998,0,0.852918862688046,0.01889559781961494,0,328.90256592922987,0.027559060051735647,0,277.3413316322839,0.035702819967189194,0,120.58195528017811,0.11718941849375081,1,0,0
2012-02-01,5385.2001953125,32.700270479379164,0.1188208572756074,0,209.4751555016022,0.010742503323026897,0,1.8042178261998905,0.04128734875617562,0,329.915686653923,0.03653389974920619,0,278.39467233049965,0.030937576975211326,0,120.4405311523208,0.0351401019754325,0,0,1
2012-03-01,5295.5498046875,37.121131139441026,0.18163448655370365,0,209.05591355549524,-0.03851449922711897,1,3.2073752942298226,0.05398270663339775,0,331.007314301862,0.03755227770454444,0,279.1484200918304,0.020210113973059936,0,121.95140074636674,-0.016787678037658346,1,0,1
2012-04-01,5248.14990234375,43.42304207339915,0.22064052069317092,0,207.25606585488313,-0.07267427840545776,1,4.953352052887151,0.05680276149584939,0,332.08627358417175,0.030820514134921553,0,279.54108182368185,0.004744718765043898,0,124.83020772928862,-0.008991193411020617,1,1,1
2012-05-01,4924.25,50.32282826942079,0.23606101552287154,0,204.9963347395833,-0.07190122513185332,1,6.567103375937769,0.049128679090296265,0,332.8339874524199,0.01818519382528274,0,279.45250094194995,-0.010346855979148506,1,127.83765271283659,-0.06370363617897978,1,0,0
2012-06-01,5278.89990234375,57.64179951011941,0.232968730028434,0,203.22524130480346,-0.037927226675925775,1,7.847906092202853,0.032094632402561184,0,333.1483339831672,0.001779085143399879,0,278.9404464180029,-0.021664871203813087,1,129.92309267836376,0.0695457454174103,1,0,0
2012-07-01,5229.0,64.36774831760191,0.2123024841856128,0,202.79515259993153,0.010280301270476471,0,8.483792718813818,0.009630547969011938,0,332.9645468500278,-0.01358584994589689,1,278.2151144539782,-0.02528350245220366,1,130.16939425009625,-0.00949766897508364,1,0,0
2012-08-01,5258.5,70.35501958800563,0.16997593702097408,0,203.87889836421962,0.058365388285142906,0,8.395947515250352,-0.014962281122795728,1,332.35322559018306,-0.02462407802721583,1,277.4840800897054,-0.020400311267665793,1,128.47432722596344,0.005625759771952512,1,0,0
2012-09-01,5703.2998046875,74.63803290385867,0.1015904980121483,0,206.2922225049581,0.09492753242811301,0,7.612933232067965,-0.03396298136152331,1,331.52636138423946,-0.02708174662458463,1,277.0244070723709,-0.008310099524707999,1,125.23413887928137,0.08119910546008245,0,0,0
2012-10-01,5619.7001953125,76.36596247347654,0.010169740129032259,0,209.4918041368495,0.11572667411860771,0,6.463692821344028,-0.04025757903014969,1,330.7967862569476,-0.02012788698682486,1,276.99996313725427,0.0068676877914294835,0,121.30498212009809,-0.014766603985183138,1,0,0
2012-11-01,5879.85009765625,75.09388233010897,-0.08912652777571654,1,213.20044717837632,0.12055592107868973,0,5.317036089158922,-0.0311119091668853,1,330.3855824356466,-0.005466162444787387,1,277.45241817717823,0.02184127448979684,0,117.18513525727028,0.04525295153684717,1,0,1
2012-12-01,5905.10009765625,71.5124241497868,-0.13627588000587504,1,216.67213004724826,0.10798088566150926,0,4.675730446802951,-0.010160018025151726,1,330.4757930627445,0.011548236238376114,0,278.2739784911183,0.03198309074553758,0,113.80366301549626,0.004285132854868485,0,0,1
2013-01-01,6034.75,67.72633180821822,-0.09308623762855257,1,219.58286218327171,0.07680368840303035,0,4.7687542101315925,0.01622123071596936,0,331.08439316808614,0.026950718688836035,0,279.3396536364614,0.03543919161578638,0,111.50153098481442,0.021718027826181426,0,1,1
2013-02-01,5693.0498046875,66.33424979952409,0.006855469104438803,0,221.26833708353743,0.029837692839447687,0,5.647493089995826,0.0392896236968319,0,332.08411806047417,0.03624436330876898,0,280.39010878064664,0.030997078580578263,0,110.81578097693674,-0.05828833033193191,0,0,0
2013-03-01,5682.5498046875,67.80467189430823,0.09502649214010905,0,221.4260711152237,-0.0184584637589898,1,6.955443185297963,0.05266226541140219,0,333.1360471052365,0.03770494857232323,0,281.129792118553,0.021008334491520567,0,111.70997599001282,-0.0018460570594067182,1,0,0
2013-04-01,5930.2001953125,71.93140247601448,0.16598053972837828,0,220.12609143935575,-0.06186824629615274,1,8.68588769357088,0.05710853893562564,0,334.2305847055471,0.03165673994590169,0,281.5531875289553,0.005910349880736275,0,114.10449326619133,0.042657930909539565,1,0,1
2013-05-01,5985.9501953125,77.5915238107765,0.20720312744701705,0,217.9744396150259,-0.07576405713848183,1,10.329565330403014,0.050875384987666535,0,335.0092730440401,0.01946842508922982,0,281.4988919807377,-0.009188218802150204,1,117.03483342901424,0.009357117011912245,1,1,1
2013-06-01,5842.2001953125,84.37531329980862,0.22695249957308528,0,215.87044333682493,-0.0545254992765939,1,11.682220248259036,0.03498483851335043,0,335.3649374870413,0.0031600648608818395,0,281.01627645121334,-0.02094712447880789,1,119.49449415021635,-0.024307617538900612,1,0,1
2013-07-01,5742.0,91.24049406457337,0.2278773593254859,0,214.85531855324902,-0.011026811984985774,1,12.415228555679397,0.013105779320098543,0,335.2202620877603,-0.01245334824171673,1,280.30420232222195,-0.025216148392842697,1,120.3649435345113,-0.01729988996308293,1,1,0
2013-08-01,5471.7998046875,98.087712426683,0.21075472481083773,0,215.2975631965353,0.03900720735484119,0,12.43471404913593,-0.011692977219649337,1,334.63698444186196,-0.0240424282040294,1,279.5662139062828,-0.020975463207905234,1,119.33942124532666,-0.04819998744856115,1,0,0
2013-09-01,5735.2998046875,104.08551933440548,0.1724045144962883,0,217.18880000569126,0.08096700540041879,0,11.73524729838875,-0.03200415749626467,1,333.81630737350514,-0.027278500327125376,1,279.08064797271385,-0.009363497852804272,1,116.62750736781388,0.047032431283321095,1,0,0
2013-10-01,6299.14990234375,108.39140433147044,0.11030155069904268,0,220.06124124908408,0.10807465046284837,0,10.6147444364044,-0.040395892104064725,1,333.0691632028528,-0.02107835648097485,1,279.02015039197045,0.005584422024552707,0,113.00792195376872,0.09377466262324252,1,0,1
2013-11-01,6176.10009765625,110.45666060684903,0.01894901982772089,0,223.6379493456484,0.11981015021431278,0,9.430514642955083,-0.03340273826928014,1,332.6211865372094,-0.0068775484458368915,1,279.43379801698757,0.020648240866551464,0,108.98323719156099,-0.019727668043679078,1,0,0
2013-12-01,6304.0,109.5425818092952,-0.07809584111145938,1,227.19000636895345,0.11418825940634222,0,8.701264947751419,-0.013629530676527161,1,332.66908517729377,0.010164108049271167,0,280.22522152813764,0.031192850441951397,0,105.47907880834032,0.02049733244238229,1,1,0
2014-01-01,6089.5,106.05016675339398,-0.1344423723344093,1,230.40298620752694,0.09012123220013876,0,8.68304540714744,0.012744865980031822,0,333.2395190428449,0.025985371971495783,0,281.27416399584075,0.035228590929331026,0,102.83653283531797,-0.03461837601054988,1,0,0
2014-02-01,6276.9501953125,102.17698278317263,-0.10062910828216394,1,232.59496958204764,0.0487945988543541,0,9.463638558572695,0.03664681979550098,0,334.2159303634846,0.035815220329668614,0,282.3254835668634,0.031319548441730925,0,101.62096078143693,0.030318248285812123,1,0,0
2014-03-01,6704.2001953125,100.48247210739287,-0.016445446953772175,1,233.31824130605392,0.0020404178050676437,0,10.713100727552304,0.05123616229824018,0,335.2634218989419,0.03785914636697118,0,283.0805958290347,0.021772485271689734,0,101.94518059288797,0.06584999997236599,1,0,0
2014-04-01,6696.39990234375,101.51629212838245,0.08029238161660636,0,232.59122294893965,-0.04703023719337946,1,12.422240145556149,0.057180704074584844,0,336.3720429645471,0.03237842175482565,0,283.53326344348824,0.006940458312865479,0,103.78082001560747,-0.0011641708271092233,1,0,0
2014-05-01,7229.9501953125,105.04254289788034,0.15035329587823076,0,230.71011658639597,-0.07355671355332608,1,14.089955075982356,0.05239649080766971,0,337.18043388780507,0.020656566233548897,0,283.51233681687603,-0.00811364420395134,1,106.4703173014091,0.07666209355570437,1,0,0
2014-06-01,7611.35009765625,110.46824317431505,0.1955906809116305,0,228.44854643678096,-0.06634120441751193,1,15.509565018039858,0.03774475642137268,0,337.5768520219083,0.00455022236939802,0,283.05937525547927,-0.0201674570320301,1,109.12830558512732,0.05140841959926069,1,0,0
2014-07-01,7721.2998046875,116.71292321070307,0.2176440024915299,0,226.94311896188393,-0.03054066844877309,1,16.337086363049348,0.016530756441155686,0,337.471787507783,-0.011271282560553361,1,282.3619644331671,-0.025037634890699843,1,110.52866854589908,0.014342151216077058,1,0,0
2014-08-01,7954.35009765625,123.56862235928011,0.22166549280360298,0,226.754468625477,0.01895730353236606,0,16.46464655692216,-0.00839772595704614,1,336.9179768606843,-0.02343948913505372,1,281.6190759872019,-0.02149236360695942,1,110.1635082352073,0.02973624276469228,1,0,0
2014-09-01,7964.7998046875,130.26459653452613,0.20706298428848022,0,228.08034575536712,0.06511879314573174,0,15.854010474100845,-0.02981889620910012,1,336.105483697682,-0.027405652995636753,1,281.1095401803687,-0.010355756228739061,1,108.0251379423149,0.001312847557344785,1,0,0
2014-10-01,8322.2001953125,136.01259307443198,0.17235251877321742,0,230.56207904329128,0.09813412780068555,0,14.771006907595236,-0.04013693595635741,1,335.3428611833139,-0.021890575067289832,1,281.01447571870193,0.00440080629618892,0,104.78078214002264,0.04389485775609779,0,0,0
2014-11-01,8588.25,140.46924368583146,0.11026193803600527,0,233.93222498821595,0.11650691085906001,0,13.558609926934645,-0.03533262232925116,1,334.8597390528253,-0.008184125565954133,1,281.3901961386252,0.01950558092356386,0,100.92751406460937,0.03146832355414734,0,1,0
2014-12-01,8282.7001953125,142.53908434406745,0.02378280129868456,0,237.48667762538693,0.11756946734104276,0,12.746850428110374,-0.01697942732011435,1,334.8656093696565,0.008751350489689395,0,282.1512874882335,0.030329059503856472,0,97.37893174426958,-0.036225964199751416,1,0,0
2015-01-01,8808.900390625,141.72176171636195,-0.07484554334384785,1,240.9166617722492,0.1005561359566228,0,12.617811052730438,0.009140486071179222,0,335.396886100631,0.024885723214119592,0,283.1822872750118,0.034897866511884416,0,94.48022432838178,0.06159359260157245,0,0,1
2015-02-01,8844.599609375,138.33070395744062,-0.13157384191539637,1,243.53640634367537,0.06563280325700162,0,13.296732118838735,0.033830880422894005,0,336.3484332655415,0.03532245182750793,0,284.2329583801907,0.03159846993991381,0,92.8120269218661,0.004044440752540507,0,1,1
2015-03-01,8491.0,134.79851333201063,-0.10851782968501376,1,244.78469800518852,0.022127356730639088,0,14.482831203529955,0.04960546971820213,0,337.39006202641565,0.03796476477365682,0,285.0022090356212,0.022510858785953724,0,92.60536402122713,-0.04080028011655669,0,1,1
2015-04-01,8181.5,132.6723826208704,-0.02272113053022676,1,244.66363462986618,-0.029287628899296234,1,16.164306936458217,0.05700283975507343,0,338.511327988706,0.03305651830390426,0,285.48307834385736,0.007975760310882107,0,93.84769335883982,-0.03713127113041314,0,0,0
2015-05-01,8433.650390625,133.38593356745972,0.06826159703150969,0,243.18169441912656,-0.06578239362205733,1,17.850356529646533,0.05365659566508228,0,339.348305700067,0.021774763196601536,0,285.4949824497657,-0.00705591319866597,1,96.16661128094043,0.030354194198134603,0,0,1
2015-06-01,8368.5,136.69481009277706,0.14077243471816112,0,240.9387852174432,-0.07285386843855937,1,19.331748969318102,0.04034264781066585,0,339.7849627756604,0.0059347095687599044,0,285.0719519496759,-0.019358237374508792,1,98.84617755821719,-0.007755045113392158,0,0,1
2015-07-01,8532.849609375,141.65718483748572,0.18622216112613532,0,239.06496552988392,-0.04738610344466634,1,20.251153852861616,0.01998940783187071,0,339.7201883338443,-0.009974704382857696,1,284.39051684843173,-0.02473922898130655,1,100.65522280396038,0.019448717837749555,0,1,1
2015-08-01,7971.2998046875,147.87240112160546,0.21130429929202982,0,238.2829473655839,-0.001188672513428029,1,20.487952542983614,-0.004887603973588045,1,339.19779221618967,-0.022680155121261508,1,283.64480812178965,-0.021891012446046954,1,100.91484485060576,-0.06807580814164912,0,0,1
2015-09-01,7948.89990234375,154.56474290197747,0.21723731125182286,0,239.01505342342222,0.04757170185845407,0,19.97166804385953,-0.027378175605096308,1,338.3957483605217,-0.02748933062690166,1,283.11305318451343,-0.011360875666130227,1,99.38069493709946,-0.0028140246400839386,0,0,1
2015-10-01,8065.7998046875,160.94248361018262,0.2047008422125534,0,241.04925963913908,0.08594203136722192,0,18.9346161214039,-0.03961092681579083,1,337.6193979477675,-0.02272645964053427,1,282.9844100664067,0.003151669751447605,0,96.5701383086284,0.0145993344636577,0,0,1
2015-11-01,7935.25,166.80886739836356,0.1696813987203348,0,244.14331293092755,0.11090269064268829,0,17.703025314603735,-0.03703399871455197,1,337.10211066496805,-0.009494403148042709,1,283.3225489547928,0.018360102641744636,0,92.9587977340405,-0.016318017023023133,1,0,1
2015-12-01,7946.35009765625,171.07012251076324,0.10997544735669637,0,247.62826075926873,0.11859418517639383,0,16.81440724446731,-0.020229430740952098,1,337.06614708592906,0.007343507511274861,0,284.053246316603,0.029497623836071615,0,89.43788632666033,0.0013978565629991409,1,1,1
2016-01-01,7563.5498046875,173.16580076493682,0.021474508471055243,0,251.1970548350403,0.10851749632152947,0,16.57549560570917,0.005435926897399965,0,337.5575806326856,0.02373109704371154,0,285.06563497380375,0.03453106542335565,0,86.3605257976453,-0.049372085159694434,1,1,0
2016-02-01,6987.0498046875,172.30310101919068,-0.07500632961023657,1,254.16742065156777,0.08019982178837334,0,17.149510674277288,0.03081953212368993,0,338.48282091673866,0.034753285246287756,0,286.1143796425054,0.03181804159522317,0,84.3154002651709,-0.07928222313317254,1,0,0
2016-03-01,7738.39990234375,169.20755498610453,-0.12816112634220883,1,255.92941829552652,0.03949264797446329,0,18.31547540397576,0.048222436703837544,0,339.55511884015095,0.03801062817739936,0,286.91944320096906,0.022813975596896283,0,83.62570054462444,0.10213652752816609,1,0,0
2016-04-01,7849.7998046875,165.37532424449364,-0.10505696672888136,1,256.3638129179459,-0.011691687553374052,1,19.972138400390303,0.05683427600916867,0,340.68329509718006,0.03351671372155832,0,287.41314328197274,0.00854888644444917,0,84.31948217923417,0.014293093615036206,1,0,0
2016-05-01,8160.10009765625,163.3542203174408,-0.024643465154984494,1,255.32896517512418,-0.0546788156006619,1,21.66886530086476,0.05461073734455943,0,341.53707344729963,0.022503326320956477,0,287.44240004045116,-0.006428542948934294,1,86.20810827217545,0.03876840688887582,1,0,0
2016-06-01,8287.75,164.03855222780288,0.06668980452489552,0,253.2484033162666,-0.07409091770381832,1,23.19499792227023,0.042285462740621504,0,341.9979353275278,0.006758513250850252,0,287.0369333482872,-0.018897153448657996,1,88.74953201126118,0.015522085199101126,0,0,0
2016-07-01,8638.5,167.1415184609888,0.13621138081109196,0,251.16204170729603,-0.05982359446437812,1,24.18360448033835,0.022610251156962555,0,341.95774898235277,-0.009220434682075432,1,286.3665045773847,-0.024552218295395264,1,90.79570727505674,0.04145043566318204,0,0,1
2016-08-01,8786.2001953125,172.16271457286834,0.18386446581738622,0,249.89348973840694,-0.019040807498076358,1,24.50497493439813,-0.0021494668195945793,1,341.45490957706295,-0.022219756061557343,1,285.62177338747625,-0.022047019861656036,1,91.56141983865601,0.016953374378631935,1,0,1
2016-09-01,8611.150390625,178.31388482753863,0.20969792117063868,0,250.072000498885,0.030563108662952435,0,24.06438052681116,-0.025398928808396084,1,340.65996252580305,-0.027528717187945185,1,285.07970118766843,-0.01185942501926386,1,90.58796202691806,-0.020124410506717885,1,0,1
2016-10-01,8638.0,184.74450794934904,0.21607174115947278,0,251.65293403860682,0.07313603716141384,0,23.0676262121326,-0.03909944769386076,1,339.8759888068887,-0.02325012648183782,1,284.93305351510304,0.00244488208598979,0,88.22305476828188,0.0031131540338956163,1,1,1
2016-11-01,8224.5,191.29123417607795,0.2028092266072869,0,254.4363072210129,0.10385056335296466,0,21.82673244375439,-0.03822432756289479,1,339.3385762185436,-0.010285082361651088,1,285.24937697662784,0.01766790581728225,0,84.90226899753071,-0.04905357000843359,1,0,0
2016-12-01,8185.7998046875,196.90747712216006,0.16768521654177795,0,257.79711184655963,0.11751415967742329,0,20.88302827271331,-0.022600172714150636,1,339.2778403920992,0.006547456838786561,0,285.9609257274018,0.02897770816241273,0,81.48072854553959,-0.0047165825752456285,1,0,0
2017-01-01,8561.2998046875,201.19814179259427,0.10435076823381242,0,261.4271079416139,0.11365112775071826,0,20.56141558774009,0.002693884526019848,0,339.7456357061377,0.023108701066310144,0,286.95955796473135,0.034245518416440794,0,78.31852776452382,0.04485110301332945,1,0,0
2017-02-01,8879.599609375,203.1042996874117,0.015066716872209774,0,264.65152684365506,0.09135478175386283,0,21.05394581253867,0.028476871315075043,0,340.6548652406024,0.03439775864543552,0,288.0029823777279,0.03177387310775429,0,76.00333839694736,0.03650444198503119,1,0,0
2017-03-01,9173.75,202.3025185779434,-0.0707309461011957,1,266.75562772921216,0.056827059531800096,0,22.117002611592582,0.0462479213880362,0,341.68427092418307,0.037936452157234075,0,288.7883627042515,0.023423596100663868,0,74.9286431949709,0.03258967792394466,1,0,0
2017-04-01,9304.0498046875,199.07179941559502,-0.1265958976176645,1,267.7763963636764,0.007822370622872724,0,23.735391469900375,0.05638123230795343,0,342.8225060706647,0.0341569582949021,0,289.3079776470124,0.009526524683507441,0,75.04610970698832,0.014103623365259365,1,0,0
2017-05-01,9621.25,195.40688680539552,-0.10502689448760504,1,267.284093507904,-0.03932951150758649,1,25.440400575027855,0.05564375250721394,0,343.70325743577104,0.023642421516633875,0,289.36879139593316,-0.005354150806994574,1,76.41916392786703,0.033524425623995345,1,0,0
2017-06-01,9520.900390625,193.314428787618,-0.024312838233708136,1,265.5166570309088,-0.07019965076126007,1,27.019546170531914,0.04462035884351105,0,344.2037102648962,0.008112206783115807,0,288.99323931795175,-0.018093227944838895,1,78.6870532339874,-0.010484770688249488,1,0,0
2017-07-01,10077.099609375,193.92042598107588,0.06328038749290543,0,263.34499386169944,-0.06907699424651735,1,28.09440476732158,0.0258435545713322,0,344.2042925955334,-0.007988890510987445,1,288.3399846328313,-0.024281433398565273,1,80.85929873383395,0.05677606089562267,1,0,0
2017-08-01,9917.900390625,197.06613489585774,0.13583467609834077,0,261.63621626226336,-0.036896224212177864,1,28.52468440311646,0.0013997281556184136,0,343.73477225149054,-0.02141982713849246,1,287.5947152012293,-0.022377130364404994,1,82.09855598922718,-0.01592423934975382,1,0,0
2017-09-01,9788.599609375,202.09107105313967,0.18456132872864922,0,261.22223947640714,0.011409474368975533,0,28.186432166705746,-0.022527878693960914,1,342.95374397548073,-0.027422094120208518,1,287.0334937725441,-0.012679910753763252,1,81.7315044990736,-0.013122841377970979,1,0,0
2017-10-01,10335.2998046875,208.07068713841818,0.21084762161946272,0,262.27151737116736,0.0574789694110926,0,27.25044587807452,-0.03797309793252009,1,342.1595722632292,-0.023924815035502513,1,286.8558052161702,0.0013247936993454675,0,79.88805489206186,0.054346798044985455,1,0,0
2017-11-01,10226.5498046875,214.77174583145262,0.21802126305584374,0,264.656713270836,0.09398804497759103,0,26.00755091129771,-0.039432571935074885,1,341.5903550952297,-0.01157234344982249,1,287.13587073772703,0.01649910206571635,0,76.9336418243937,-0.010577940807164768,1,0,0
2017-12-01,10530.7001953125,221.1708112415317,0.20497525450541768,0,267.8188007483407,0.11403820163840661,0,24.998719534673086,-0.02557710062430805,1,341.4882386276933,0.005112829249315855,0,287.8169335608496,0.028082873670484024,0,73.66943787935259,0.029307558632650835,1,0,1
2018-01-01,11027.7001953125,227.0194041445479,0.1679738362035314,0,271.44876149160524,0.11704439973167956,0,24.570803552477987,-0.0009382962784047164,1,341.91524810396567,0.021972162786952146,0,288.7959386552815,0.03387529298552073,0,70.46648661236043,0.0461154878040552,1,1,1
2018-02-01,10492.849609375,231.30341071900082,0.10374071140626975,0,274.8839917191804,0.10150419543826354,0,24.954162621909443,0.02525403541148052,0,342.7962862367467,0.03376473216722458,0,289.83579303072776,0.03193659976619807,0,67.9122945175663,-0.04971627141914981,1,1,0
2018-03-01,10113.7001953125,233.13011966085097,0.023980728453139418,0,277.35115311031393,0.07243455522847309,0,25.940955939135165,0.04406510973357385,0,343.81610775000945,0.037927549366284834,0,290.6320034211417,0.02402967334944542,0,66.46495463969552,-0.03680307592672415,1,0,0
2018-04-01,10739.349609375,232.3849959588753,-0.07006563559331003,1,278.9226956688565,0.027131519921004203,0,27.514718470593472,0.05562596559216722,0,344.9629246515997,0.034694336506407186,0,291.1763115511307,0.010447468210655697,0,66.0402289827432,0.060023569786017854,0,0,0
2018-05-01,10736.150390625,229.3089834259212,-0.12468195731201157,1,279.0028170116046,-0.0215100938234498,1,29.221762067431644,0.056417615314438986,0,345.86932489471155,0.024718110693980486,0,291.26784563992993,-0.004307567613185177,1,66.86650788310698,-0.0002979412608475592,1,0,0
2018-06-01,10714.2998046875,225.54320734338572,-0.10468465178015349,1,277.66646403121644,-0.06129110232618246,1,30.848494475029977,0.046877068045093395,0,346.40886616930976,0.00953977773662147,0,290.92228320167925,-0.017210762348921937,1,68.74240213809333,-0.0020373086155624333,1,0,0
2018-07-01,11356.5,223.47272649605358,-0.027720132863950527,1,275.56553390802696,-0.07335890034899585,1,32.00633199766179,0.029121970498330013,0,346.45081001660566,-0.00662774604116423,1,290.287221650718,-0.023902465677857577,1,70.8852761085787,0.05821098764503481,0,0,1
2018-08-01,11680.5,224.04978793572593,0.06357640841888132,0,273.5353235654527,-0.05238985002114757,1,32.545300458797875,0.005036781652980003,0,346.0161877137286,-0.020563926255435055,1,289.54295654379604,-0.022694918732500766,1,72.48086414827588,0.028130517473679395,0,1,1
2018-09-01,10930.4501953125,227.23462453698508,0.13790608741470134,0,272.5621696166117,-0.008060373925900406,1,32.31327779070645,-0.019491479014090183,1,345.2509794882808,-0.02731966051845823,1,288.9638675157951,-0.013546246270858478,1,72.6888098716691,-0.06636829440466539,1,1,1
2018-10-01,10386.599609375,232.16767660574564,0.18717897374341735,0,273.05024301444575,0.040162371820251494,0,31.445977136132523,-0.03654817844183403,1,344.448503034967,-0.02457232377009561,1,288.75613349527515,0.00020781767101652563,0,71.39826002052126,-0.051036014078300336,1,0,0
2018-11-01,10876.75,238.47039691643658,0.2158062746124761,0,274.97769875622606,0.08207287210435525,0,30.211052921582986,-0.04034260270736921,1,343.84888584526453,-0.012814685238295723,1,289.00059277059427,0.015387583583663055,0,68.87118708903847,0.04611100734876957,1,0,1
2018-12-01,10862.5498046875,245.10607325234383,0.2232741335782041,0,277.8752787253971,0.108409941825526,0,29.144396818667566,-0.0284447535720526,1,343.70571755674706,0.0036520951647166324,0,289.6512051796737,0.02719521947019935,0,65.83043883134997,-0.001306407976310475,1,0,0
2019-01-01,10830.9501953125,251.87427495782538,0.20967387460680503,0,281.4358538209128,0.11826896365161685,0,28.612522293210862,-0.004676890209557676,1,344.0911393982094,0.020737326036074397,0,290.6099163288492,0.033436555895493825,0,62.65528557729658,-0.002913281095661382,1,0,0
2019-02-01,10792.5,257.8556758681056,0.17211048648900285,0,285.0122087075913,0.10950907180139588,0,28.884516939571842,0.02193981566028049,0,344.94269491248815,0.03312842556439104,0,291.6451539862771,0.0320971537562892,0,59.93048620489685,-0.003556346049349872,1,0,0
2019-03-01,11570.0,261.9300967616125,0.11538968866058132,0,287.78313498693075,0.08618578968449321,0,29.790696961205736,0.04175775089142484,0,345.95162940818216,0.03787497291820902,0,292.45110032350954,0.02464501924382666,0,58.16849442125141,0.0695640927580897,0,0,0
2019-04-01,11748.150390625,264.21750887619555,0.028790346338879787,0,289.85940374091575,0.04560980194169458,0,31.314116739640507,0.05478254000491308,0,347.10582353408057,0.03527454392749639,0,293.0191099962839,0.011387384267524664,0,57.24641979316482,0.015280273429937681,1,0,1
2019-05-01,11922.7998046875,263.68486634879724,-0.0629960146708028,1,290.517016964904,-0.0024016139232386794,1,33.01730397810898,0.05703581983108793,0,348.0367549942406,0.025762080276957634,0,293.14054670235674,-0.0033140222409714613,1,57.51973802933662,0.014756702364583232,1,0,1
2019-06-01,11788.849609375,260.6340753821965,-0.1236967892524753,1,289.6994709542625,-0.048337744405344656,1,34.68591102657486,0.04893262748854802,0,348.6144790732729,0.010881954068303761,0,292.8245127754257,-0.016415182642027595,1,58.915008119010395,-0.011298380631693803,1,1,1
2019-07-01,11118.0,256.94524049839475,-0.10942127771353459,1,287.81814313641917,-0.07246143421007904,1,35.922709431954175,0.032301873032001306,0,348.69778569288746,-0.0052732289627872835,1,292.2081251208467,-0.02351632758419507,1,60.8796425564683,-0.05858871983713457,1,0,0
2019-08-01,11023.25,254.66222361860588,-0.03113297988566935,1,285.6080345917342,-0.06435363127382321,1,36.569273584692944,0.008717364382374401,0,348.2992764114147,-0.019626136893264413,1,291.46629419439785,-0.022905423060930713,1,62.6912418196805,-0.008558737956063128,1,0,0
2019-09-01,11474.4501953125,255.17155907890356,0.06299994556754825,0,284.1382919152322,-0.02685363953162484,1,36.446601406739475,-0.01634673869349873,1,347.5518714141192,-0.027176688136457103,1,290.8710185310368,-0.014355144892275398,1,63.41357949888703,0.04011616296098991,0,0,0
2019-10-01,11877.4501953125,258.25097821225864,0.13870359697095977,0,284.05153117370037,0.021603337587578954,0,35.65522234845097,-0.034918799844019015,1,346.7429842547553,-0.025210050445378086,1,290.63439217193377,-0.0009011994480809116,1,62.69145308105493,0.03451881933777409,0,0,0
2019-11-01,12056.0498046875,263.4487746568964,0.1926251353718813,0,285.4661717210117,0.06813642879901202,0,34.43810087006131,-0.04091633290594027,1,346.1143605285066,-0.013987777408031641,1,290.8438445611738,0.014317747393569094,0,60.64818880749493,0.014924931553784597,0,0,1
2019-12-01,12168.4501953125,269.71893831876565,0.22195496513669927,0,288.0329214935631,0.10058773963330062,0,33.32181544760029,-0.030999049482325115,1,345.9307254586702,0.0022877369987830735,0,291.464099376358,0.026368816463571938,0,57.89780396510713,0.009279960144652268,0,0,1
2020-01-01,11962.099609375,276.7855491864761,0.23038748705486012,0,291.4534657476054,0.11708514355437424,0,32.68980582367355,-0.008313650958650748,1,346.27422152319696,0.019507274844773204,0,292.4020282861721,0.03297072507817333,0,54.82075577559158,-0.017103266834160503,0,1,1
2020-02-01,11201.75,283.777750908953,0.21697404138292453,0,295.1011978169881,0.11513631144189834,0,32.84879826026442,0.018473757974092987,0,347.0948419069211,0.03237005292354843,0,293.43134654494844,0.03212434844418242,0,51.993644089933014,-0.06567326964296578,1,1,1
2020-03-01,8597.75,289.63696878680184,0.1834952434268746,0,298.21313616628584,0.09686846353395749,0,33.70944809550114,0.03985626483443559,0,348.129087758808,0.037773543219479414,0,294.2707664313779,0.024790225657213158,0,49.91595159252216,-0.2645694749733552,1,0,0
2020-04-01,9859.900390625,294.4586376346266,0.12311838025529565,0,300.70541269199725,0.06140783427857818,0,35.19047267029659,0.05402066610475773,0,349.2868197899519,0.03560277167794551,0,294.848173394504,0.011821408971106602,0,48.58140709795464,0.13697552507089122,1,1,0
2020-05-01,9580.2998046875,296.97105293811643,0.04079865074117911,0,301.88131478367757,0.015663140231446483,0,36.887176269423314,0.05741252375913218,0,350.23201077351894,0.026394599903283564,0,294.9842503936273,-0.0027658358287942133,1,48.35069598984137,-0.028767179847172152,1,0,0
2020-06-01,10302.099609375,296.7375003330698,-0.055416785352812865,1,301.5934125644723,-0.033404181008356355,1,38.58499605701415,0.05037275580855632,0,350.83262732161273,0.011663112184904378,0,294.6845031672124,-0.01595096705756858,1,49.23921475714042,0.07263883368664037,1,0,0
2020-07-01,11073.4501953125,293.95767404058216,-0.12108146387988548,1,300.03246872399444,-0.06694412412664895,1,39.88081724122452,0.03463429433051989,0,350.94116751865795,-0.004479024669803567,1,294.0798922593236,-0.023248195939216263,1,50.90869879466351,0.0722026488889471,1,0,0
2020-08-01,11387.5,290.0836612518488,-0.11423856086784226,1,297.7949687531268,-0.07142678973005513,1,40.61025183511166,0.011587847358378067,0,350.56513076928206,-0.01900929550738507,1,293.3417906945736,-0.022913550529321692,1,52.77016201615527,0.027965893664836396,1,0,0
2020-09-01,11247.5498046875,287.6192241228486,-0.03663996996751993,1,295.9501072555381,-0.042747909678842816,1,40.57451548806443,-0.013710610671893705,1,349.8295070460712,-0.026992164287780673,1,292.7400118126084,-0.014695666616192118,1,53.879399790533114,-0.012365952795341997,1,0,0
2020-10-01,11642.400390625,287.952716990642,0.058436254403742345,0,295.3414337361416,0.003765166386263863,0,39.8464923029339,-0.03341831715594696,1,349.01761524160645,-0.025556478396842556,1,292.48884712450763,-0.0015077251594731093,1,53.676181505464854,0.03450333037817497,1,0,0
2020-11-01,12968.9501953125,291.11260969145513,0.14132499977652432,0,296.2441564021445,0.053456915340710245,0,38.64926379841529,-0.0411769235607346,1,348.37206234234867,-0.014730809311547698,1,292.6788690393086,0.013629830620741535,0,52.12790594020419,0.1079044138899046,1,0,0
2020-12-01,13981.75,296.2449090629586,0.19657491097750965,0,298.45071442522124,0.09132854758264634,0,37.49992701183455,-0.0328394690869209,1,348.164396402254,0.001444715178043682,0,293.28080952097145,0.025804741030355238,0,49.71368197703276,0.07519485373952986,1,1,0
2021-01-01,13634.599609375,302.8971446508481,0.22848440328277209,0,301.6817493632755,0.11409266586045984,0,36.79366337345566,-0.0110609111065111,1,348.482804488145,0.018781154779111273,0,294.20431664264646,0.03262823042968101,0,46.80105512486949,-0.025142256847608124,1,0,0
2021-02-01,14529.150390625,310.1774101625215,0.23746194185903902,0,305.3348706879727,0.11842450374248514,0,36.86538160144464,0.01570906890861328,0,349.2845127912586,0.03187776745329724,0,295.2263641227584,0.03200540024291706,0,43.949642103285896,0.06354635215000493,1,0,0
2021-03-01,14690.7001953125,316.72410404155175,0.22712736101043032,0,308.52061998987847,0.1065867741334457,0,37.618741804006625,0.03711302613494641,0,350.27288459832397,0.03753818766767902,0,296.0415252377533,0.025252897397477003,0,41.7522646084455,0.011057650708306223,1,0,0
2021-04-01,14631.099609375,323.3263626652902,0.19501450089533684,0,311.41210167488447,0.07726027815799595,0,39.037907449171016,0.05273374073931636,0,351.43502975838373,0.036066086793425454,0,296.6402990291382,0.012691821096414162,0,40.02292808349927,-0.004065280331829731,1,0,0
2021-05-01,15582.7998046875,328.42498499033303,0.14104215794389696,0,313.1273833153179,0.03539124869680782,0,40.71950189370206,0.05777693880341295,0,352.4027513599404,0.02744933746710962,0,296.8048367459243,-0.0017176670011452694,1,39.275368044622496,0.06301835587091167,1,0,0
2021-06-01,15721.5,331.6032852347589,0.060052911170091726,0,313.4507246879369,-0.014627869908952078,1,42.449237735455874,0.05216847467321459,0,353.04069648442356,0.013050107347673574,0,296.53434438266675,-0.015087701087946203,1,39.58997179648668,0.00886147294807531,1,0,0
2021-07-01,15763.0498046875,331.9958365172997,-0.03469693089352406,1,312.34990953109855,-0.056198395139630375,1,43.8167207145681,0.037591454457859635,0,353.19082144926364,-0.0031286245608952144,1,295.9490150894915,-0.022869569677305412,1,40.84091191816509,0.00263937893767087,1,0,0
2021-08-01,17132.19921875,329.5575438853327,-0.11500557424188756,1,310.2410466964997,-0.07439594650020227,1,44.65082329113303,0.015263681704771445,0,352.85238371937356,-0.018038077999575425,1,295.21470980058524,-0.023131374941099677,1,42.61133702287384,0.08329110691007927,0,0,1
2021-09-01,17618.150390625,325.6211577520694,-0.1238560554741739,1,308.1049923104474,-0.057755560851326555,1,44.72923092678383,-0.010166428354868251,1,352.13752843095955,-0.02667359044946039,1,294.59885001815604,-0.015391307642721869,1,44.032536120512134,0.02796995469889493,0,0,1
2021-10-01,17671.650390625,322.79499327318194,-0.05499522494607501,1,306.95630887426586,-0.016009346653904848,1,44.08982122847152,-0.031171986243498297,1,351.32248500833373,-0.02604448479721382,1,294.3208196478979,-0.002521944912944514,1,44.36617613406787,0.003032039841667852,0,1,1
2021-11-01,16983.19921875,322.6689934846887,0.04730123385174533,0,307.261629402509,0.035546310664694325,0,42.92827424318201,-0.041246187301903846,1,350.6501753838374,-0.015941212275082328,1,294.4770047909458,0.012509643300582128,0,43.38854598132838,-0.03973710855020627,0,0,1
2021-12-01,17354.05078125,325.4499962007927,0.13405021249266424,0,309.00779047727593,0.07884608824002598,0,41.74432954384061,-0.03512278031203944,1,350.40242640381666,-3.432451597960927e-05,1,295.04858053411374,0.024888284505194137,0,41.39463592654073,0.021601379431276043,0,0,0
2022-01-01,17339.849609375,330.6438292108466,0.19621410807298326,0,311.95699312837536,0.10855180559144276,0,40.94528965304051,-0.0146062006216557,1,350.67782912373104,0.01754684533278246,0,295.9505326090467,0.03220182022987271,0,38.720835995355685,-0.0008186552972273059,0,1,1
2022-02-01,16793.900390625,337.3270908668962,0.2308550884663375,0,315.5445772266641,0.11990454683929763,0,40.90235977765741,0.012122626324445057,0,351.4468301198514,0.0311347012463196,0,296.96552811310374,0.03207851562310094,0,35.902252893187324,-0.03199154977234576,1,0,1
2022-03-01,17464.75,343.9849813868192,0.24188144431450073,0,318.8561069002094,0.11425266358694566,0,41.56335129874069,0.03430859337198442,0,352.4204639753451,0.0373531964933472,0,297.78744420986965,0.025748574871872036,0,33.56435707513572,0.0391688153173579,0,1,1
2022-04-01,17102.55078125,351.41598020444,0.23428273902850585,0,322.08451223585104,0.09124705897486468,0,42.91473847894644,0.05124969402266844,0,353.58555620941763,0.03644994094287809,0,298.4063860429104,0.013456371337783796,0,31.501043973566595,-0.020956942935119825,1,1,0
2022-05-01,16584.55078125,358.0921480086147,0.20759010684129914,0,324.29910827078885,0.05423109302479949,0,44.575064063850625,0.05774303547581571,0,354.5742601680657,0.02837704634598808,0,298.59815436752785,-0.0008091464441190712,1,30.275151897276828,-0.030756034691708727,1,1,0
2022-06-01,15780.25,3.817588755701994,0.15780225785719523,0,325.2434074780983,0.00562225428718997,0,46.3301715798189,0.05378608551935468,0,355.2483400935321,0.014397735315197053,0,298.3562006128029,-0.014241154045483142,1,30.004932615433802,-0.04971242805527545,1,0,0
2022-07-01,17158.25,7.523109189974163,0.08508744633030244,0,324.6927083800283,-0.041068998094399435,1,47.76459521486835,0.040450251131545656,0,355.43986686876525,-0.0017375072441505007,1,297.79054520308006,-0.02240870271095212,1,30.747158488736943,0.08371994937611467,1,0,0
2022-08-01,17759.30078125,8.695689878717166,-0.012074233552562933,1,322.8759212337152,-0.0716852563722273,1,48.70081474330738,0.018858758758467795,0,355.1398555097749,-0.017043792746342847,1,297.06127868598446,-0.023286835112771846,1,32.26393427605973,0.03443025885649265,0,1,0
2022-09-01,17094.349609375,6.823840468980432,-0.10363575974363012,1,320.601593249317,-0.0689965475277411,1,48.894440875312945,-0.006609288672966881,1,354.44724224186143,-0.026354301215474923,1,296.43267040941777,-0.01607829047153326,1,33.845648992544454,-0.038161389660302754,1,0,0
2022-10-01,18012.19921875,3.067999970731536,-0.13279932807945768,1,318.97723710133477,-0.03511922423980067,1,48.34953045735516,-0.02867667706298638,1,353.63091286923077,-0.026457765444449746,1,296.1289545486113,-0.003483972132524531,1,34.653675767896004,0.052301286009363894,1,0,1
2022-11-01,18758.349609375,359.65468968350194,-0.07434562337255171,1,318.6636413869451,0.01606854566211551,0,47.23372959992622,-0.04086299795480109,1,352.93368356967045,-0.017004254283616987,1,296.2522929094388,0.011488900127937131,0,34.270042182725376,0.040589703081297404,0,1,1
2022-12-01,18105.30078125,358.8974235309517,0.026121101079271538,0,319.88302150083973,0.06386312002725206,0,46.024791770635744,-0.03704821711528131,1,352.64667900718393,-0.0014477474261177345,1,296.79381027893015,0.023991421693491274,0,32.7636575063442,-0.03543420955527851,1,1,1
2023-01-01,17662.150390625,1.2536366770520886,0.12194473461430629,0,322.46882955216716,0.10021513846371442,0,45.138466661615354,-0.018105178849789103,1,352.8785708266593,0.0161942696243601,0,297.6735816065642,0.03163197022094487,0,30.40974127449215,-0.024780802302484462,1,1,0
2023-02-01,17303.94921875,6.148784550214171,0.1888039384335761,0,325.9107592720118,0.11874144770270342,0,44.980503201416795,0.00842374619163771,0,353.6132939851545,0.030283827831456386,0,298.6802298160216,0.03205538419023186,0,27.70253471314271,-0.020489199943856996,1,0,0
2023-03-01,17359.75,11.981201687391216,0.22424505610706785,0,329.2805937911354,0.11947307175675789,0,45.54524047073381,0.03131364604081603,0,354.5706496050695,0.03707485221770556,0,299.5078008892091,0.02617019149688197,0,25.29005581393409,0.003219554214236592,1,0,0
2023-04-01,18065.0,19.241254735198968,0.2405139639081931,0,332.77751356393384,0.103212916417395,0,46.822526896678866,0.04956697635909566,0,355.7369564339487,0.03681553889966117,0,300.1458050372822,0.014251126367885855,0,22.95944287001487,0.039822056392752755,1,0,0
2023-05-01,18534.400390625,26.450448121306383,0.23700748546549455,0,335.44074137838186,0.07184292345491855,0,48.4546071959606,0.05750478511624803,0,356.7451849732476,0.029249291270183136,0,300.3640551999318,0.00010246931446084522,0,21.304443594865745,0.025652121365167826,1,0,0
2023-06-01,19189.05078125,33.50335449587319,0.21459638758651955,0,336.9939179017869,0.026541193008675412,0,50.22839907137493,0.05509697825494395,0,357.4541947500074,0.01565798015466817,0,300.1502458373435,-0.013431963629587339,1,20.460276848220474,0.03471135859225437,1,0,0
2023-07-01,19753.80078125,39.369063670874,0.17271831937005813,0,337.0551410989297,-0.022302134828779265,1,51.72449641600852,0.04314506457226516,0,357.686844210876,-0.0003244824255646699,1,299.60459773793497,-0.021900952910615896,1,20.631703111946308,0.029006072895267944,1,1,1
2023-08-01,19253.80078125,43.73487955615161,0.10436489462862727,0,335.68147019447775,-0.0629617379306876,1,52.76019231523511,0.0225321773360679,0,357.42633348662946,-0.015883761142923798,1,298.8816263390693,-0.02330000487755317,1,21.744863292151706,-0.025637433026021773,1,0,0
2023-09-01,19638.30078125,45.56608241914683,0.01024577117076559,0,333.4459507913798,-0.07523045383732133,1,53.07043223783783,-0.0028703390958606597,1,356.7579262204667,-0.02593588225152421,1,298.2417428271166,-0.016728368251535727,1,23.311975429086885,0.01977329649083386,1,1,0
2023-10-01,19079.599609375,44.39153571048225,-0.08581085891641758,1,331.44922707044844,-0.05261052048723781,1,52.62566705661725,-0.025928803381950923,1,355.9420913372081,-0.0268759837876368,1,297.91325562376613,-0.004515111912247681,1,24.492864266759682,-0.028862099950745117,1,0,0
2023-11-01,20133.150390625,40.74075119114475,-0.13579885079608406,1,330.5203319717662,-0.00479716496370813,1,51.56508526966607,-0.04015249942651899,1,355.2211223266637,-0.018087221334550454,1,298.004082989852,0.010423523708808856,0,24.700790354897492,0.053748048706655276,1,0,0
2023-12-01,21731.400390625,37.05682427430091,-0.09552465189631847,1,331.151725690486,0.046243924742880374,0,50.340676688064164,-0.03867815500364865,1,354.8953586325892,-0.002846889818562853,1,298.5156947765693,0.023123825875389706,0,23.743632942103204,0.07639050755449546,1,0,0
2024-01-01,21725.69921875,35.584376031134255,0.004801507294512859,0,333.28795375073287,0.08903126347833494,0,49.37306615182936,-0.02152904629647647,1,355.0834151238481,0.0148212427691005,0,299.3731312637418,0.031085568353794828,0,21.795461373115245,-0.0002623816112421168,1,0,0
2024-02-01,21982.80078125,37.332450712047354,0.10418056258659131,0,336.49752006702016,0.11486108343906298,0,49.10019226045769,0.004544400055111888,0,355.7825632379532,0.02932307558731893,0,300.37060385263686,0.03196518631108386,0,19.285043170933022,0.011764509320155716,1,0,0
2024-03-01,22326.900390625,41.39976779662066,0.1715511959829468,0,339.97427110263465,0.12214528314621848,0,49.59352638502802,0.02881061582378751,0,356.7588884982379,0.03683349455219171,0,301.22914901648386,0.02623680511378685,0,16.784617395603277,0.015531882083485167,1,0,0
2024-04-01,22604.849609375,47.46063101084636,0.21486795095247724,0,343.65545645524156,0.11243917745504628,0,50.80974163592298,0.048157017238438245,0,357.9249090100284,0.037053280111191356,0,301.87345308973255,0.014621907680226897,0,14.269452554786824,0.012372220723991998,1,0,0
2024-05-01,22530.69921875,54.23936824561454,0.23368452394734188,0,346.68127814550627,0.08684062606924996,0,52.41623985160616,0.05728879027004046,0,358.94423961100244,0.029842359412392477,0,302.10351642888907,0.0006085775450462536,0,12.262961465496176,-0.0032856787724478624,1,0,0
2024-06-01,24010.599609375,61.53190761017055,0.2337302965969419,0,348.7701945586004,0.04580303758274067,0,54.201258808309426,0.056076254239179966,0,359.6740801373232,0.01644015985938743,0,301.90410082553547,-0.013000219724004865,1,10.903885578722793,0.06361659426828846,0,0,0
2024-07-01,24951.150390625,68.32502990328987,0.21625146016104121,0,349.425672383323,-0.002822192248097191,1,55.7428753837187,0.04518305022350521,0,359.9315580827756,0.0004998512752073407,0,301.3699322860429,-0.021645997803751833,1,10.50588569945262,0.0384245457355326,0,0,1
2024-08-01,25235.900390625,74.48984528180061,0.17782789597887744,0,348.5728192443457,-0.050216346831892654,1,56.85478836864884,0.025370190474399843,0,359.6951057996531,-0.015215197151976924,1,300.6520730850606,-0.02328961414779391,1,11.122286555307426,0.011347670411256436,0,0,1
2024-09-01,25810.849609375,79.08163991499113,0.11388661988257777,0,346.5386924221322,-0.0757719547591299,1,57.25672345246247,0.00011797586918520785,0,359.0417990558509,-0.025665868769273566,1,300.00835822264116,-0.016991616466552277,1,12.503106633718687,0.0225273316392895,0,1,1
2024-10-01,24205.349609375,81.23656033373501,0.025908360915438314,0,344.3254791628175,-0.06595308824635981,1,56.89316893487033,-0.023690632121595705,1,358.22676687368096,-0.027141872487500315,1,299.66829194114104,-0.005028203749900504,1,13.901287710863471,-0.06422126405431616,1,0,1
2024-11-01,24131.099609375,80.44602714345756,-0.07556201099018774,1,342.8659243649484,-0.024383036000356174,1,55.88086862536573,-0.039511243486450194,1,357.49175776971765,-0.018788133949743182,1,299.74220107312453,0.009816610521876237,0,14.625833404769253,-0.0030722181542478374,1,1,1
2024-12-01,23644.80078125,77.121553012818,-0.13446139469546228,1,342.91508861037954,0.027970717336447518,0,54.65017060630372,-0.03982072023204558,1,357.1428367017795,-0.0036889733342387395,1,300.2368812801535,0.022616026960658314,0,14.227748091399974,-0.020358198163974682,1,0,1
2025-01-01,23508.400390625,73.16261529714616,-0.1052965166180191,1,344.5620839410822,0.07628975893308115,0,53.623735471120966,-0.0240233221704789,1,357.30469020914285,0.014076939250567083,0,301.0800914977884,0.03076815158444259,0,12.742606268060626,-0.005785429947148742,1,1,0
2025-02-01,22124.69921875,71.29291303877127,-0.00997593672367761,1,347.47774968677993,0.10885971015805959,0,53.26294276732529,0.0015927277525761593,0,357.98231044175463,0.028774755611426835,0,302.06914163657376,0.03180336766666757,0,10.504560754974705,-0.060663224537316665,1,0,0
2025-03-01,23519.349609375,72.31395547069138,0.0804780835241489,0,350.7500904659893,0.12234259807587555,0,53.648739736583686,0.025470511505629893,0,358.9104812045633,0.03644052274266885,0,302.8999077935103,0.026563884123517838,0,8.160390738574051,0.06112887381663974,1,0,0
2025-04-01,24334.19921875,76.05565580602196,0.15591122632943927,0,354.5495380553077,0.11984875775629257,0,54.77955836215025,0.046091198406612424,0,0.07476407534873646,0.03732020319618644,0,303.56120357108693,0.015319402857596318,0,5.525226020041032,0.034059266193909206,1,0,0
2025-05-01,24750.69921875,81.47011798103405,0.20104247613138482,0,357.89905465547236,0.10091639526981228,0,56.3457946185582,0.05676265360825252,0,1.1112186531394808,0.030714314608431402,0,303.81621665768796,0.0015221532683950367,0,3.212163997667119,0.016971003698900373,1,0,1
2025-06-01,25517.05078125,88.11147599566333,0.22402543958658136,0,0.5189138691227977,0.06563138410053022,0,58.13782840193382,0.05710501583235554,0,1.8744367755660774,0.017703903060732166,0,303.64434669468176,-0.012168648713069002,1,1.3555229064432797,0.03049314692213326,1,1,1
2025-07-01,24768.349609375,94.93009928567211,0.22772243540578346,0,1.8201477529488608,0.019513675194212085,0,59.73135981804219,0.04753689043639133,0,2.1723543606095954,0.0018278132269921405,0,303.130429327735,-0.021193869013113015,1,0.35220660766073464,-0.02978027412711099,1,0,0
2025-08-01,24426.849609375,101.81960690598076,0.21357685329045167,0,1.6231235293280386,-0.031788031691508005,1,60.93594651136167,0.02879160460211893,0,1.9757852970883887,-0.01413076623384499,1,302.4198551901244,-0.023347811184688642,1,0.3526617677603501,-0.01388369153679801,1,0,0
2025-09-01,24611.099609375,107.96186033521616,0.17882255491860272,0,359.9886972234051,-0.06967195872519139,1,61.4542957846731,0.003999618762902407,0,1.3488909307267347,-0.02510671606208438,1,301.7669405382891,-0.01749075513593871,1,1.3601937073216277,0.007514623673206382,0,0,0
2025-10-01,25722.099609375,112.52405059868107,0.12084556761138908,0,357.7202893020254,-0.07540985253802654,1,61.19936271608642,-0.020468812681823143,1,0.537641584528228,-0.027355496215375245,1,301.4045104967738,-0.0058707779668442225,1,2.8173522825028385,0.044152984562855616,0,0,1
2025-11-01,26202.94921875,114.98166682639581,0.03323883966487642,0,355.7737334170766,-0.044706441359197296,1,60.25889100663779,-0.03822325671349841,1,359.78188589673,-0.01980571817424222,1,301.4477730338042,0.008779410132744898,0,4.008152479653404,0.018521440660611767,0,0,1
2025-12-01,26129.599609375,114.50257193323313,-0.06466290063049292,1,355.16758874458617,0.006004517167559223,0,59.03063793700799,-0.04095602827846232,1,359.39542033700815,-0.00512657858659371,1,301.91308842078655,0.021677871557020677,0,4.227831592421978,-0.00280321364234349,0,1,1
2026-01-01,25320.650390625,111.29228053630383,-0.13099456084398742,1,356.19662248500646,0.059104505949067125,0,57.935630029051154,-0.027100713389760587,1,359.51305059056756,0.012726228654504979,0,302.7336154878478,0.030229423741193855,0,3.3164281055611013,-0.03144847261121558,0,0,0
2026-02-01,25178.650390625,107.30514054656416,-0.1104423329424656,1,358.690088971777,0.09897148943854638,0,57.46272985234838,-0.002247642266607122,1,0.1536968017314505,0.02782574638224186,0,303.71275947150417,0.03173784334994495,0,1.4636078299544124,-0.005623855065897699,0,1,0
2026-03-01,23777.80078125,105.23951563791483,-0.03146562278095881,1,1.7837473200376395,0.1194047743787206,0,57.743232617279475,0.022002326584798795,0,1.0619180441093465,0.0360176896681663,0,304.54684842884143,0.026903124362537143,0,0.7218292759282929,-0.057244023592795776,0,0,0
